customer_id,monthly_income,loan_amount,account_age_months,occupation,loan_type,spending_culture,risk_segment,branch,contextual_target
CUST10000,42203.0,44100.0,154,self_employed,auto,conservative,MEDIUM,Hyderabad_IT,0
CUST10001,59783.53,181000.0,163,salaried,education,impulsive,CRITICAL,Lucknow_UP,1
CUST10002,26877.05,71000.0,177,self_employed,business,conservative,LOW,Delhi_NCR,0
CUST10003,55942.81,220500.0,137,self_employed,credit_card,moderate,HIGH,Jaipur_North,0
CUST10004,45996.19,38700.0,174,salaried,credit_card,aggressive,MEDIUM,Ahmedabad_West,1
CUST10005,69211.6,254900.0,136,salaried,business,conservative,LOW,Lucknow_UP,0
CUST10006,32866.63,123000.0,42,business_owner,credit_card,aggressive,LOW,Pune_Main,1
CUST10007,43902.59,112100.0,159,self_employed,credit_card,impulsive,MEDIUM,Mumbai_Central,0
CUST10008,26864.85,41000.0,165,salaried,personal,conservative,MEDIUM,Chennai_South,0
CUST10009,8166.09,22700.0,35,student,business,impulsive,HIGH,Ahmedabad_West,1
CUST10010,57033.79,140600.0,133,business_owner,personal,moderate,CRITICAL,Chennai_South,0
CUST10011,145518.12,465400.0,17,business_owner,home,moderate,MEDIUM,Lucknow_UP,0
CUST10012,73762.23,159600.0,153,self_employed,credit_card,moderate,MEDIUM,Bangalore_Tech,0
CUST10013,14432.89,37500.0,172,student,credit_card,aggressive,HIGH,Jaipur_North,1
CUST10014,32763.64,64100.0,131,salaried,personal,impulsive,MEDIUM,Jaipur_North,0
CUST10015,28169.22,98900.0,167,retired,personal,conservative,LOW,Delhi_NCR,0
CUST10016,45009.09,57000.0,64,salaried,personal,moderate,MEDIUM,Lucknow_UP,0
CUST10017,12431.06,17200.0,115,student,personal,moderate,LOW,Mumbai_Central,1
CUST10018,12791.17,21800.0,55,student,education,moderate,MEDIUM,Lucknow_UP,0
CUST10019,14579.17,19600.0,125,student,personal,aggressive,HIGH,Hyderabad_IT,1
CUST10020,105130.13,249700.0,72,self_employed,credit_card,conservative,LOW,Delhi_NCR,0
CUST10021,175693.03,504500.0,98,business_owner,education,conservative,LOW,Jaipur_North,0
CUST10022,144821.93,142100.0,153,business_owner,business,moderate,LOW,Lucknow_UP,0
CUST10023,52585.94,147800.0,62,salaried,personal,aggressive,MEDIUM,Pune_Main,0
CUST10024,15314.12,55000.0,133,student,education,conservative,MEDIUM,Ahmedabad_West,0
CUST10025,82539.91,297700.0,166,self_employed,business,aggressive,CRITICAL,Ahmedabad_West,1
CUST10026,126993.32,371000.0,163,business_owner,education,aggressive,LOW,Mumbai_Central,0
CUST10027,39578.63,44600.0,147,self_employed,personal,moderate,HIGH,Delhi_NCR,0
CUST10028,141584.37,555900.0,29,business_owner,home,moderate,CRITICAL,Chennai_South,1
CUST10029,32542.61,82000.0,63,self_employed,auto,moderate,LOW,Bangalore_Tech,0
CUST10030,38936.61,147600.0,39,salaried,credit_card,impulsive,HIGH,Mumbai_Central,1
CUST10031,139298.9,348700.0,162,business_owner,personal,impulsive,MEDIUM,Delhi_NCR,0
CUST10032,65651.64,192800.0,34,salaried,business,moderate,LOW,Kolkata_East,0
CUST10033,56387.18,130500.0,45,salaried,business,impulsive,HIGH,Kolkata_East,0
CUST10034,62725.53,221700.0,175,salaried,education,impulsive,HIGH,Mumbai_Central,1
CUST10035,62706.79,118400.0,100,salaried,home,conservative,LOW,Kolkata_East,0
CUST10036,83463.5,328500.0,51,business_owner,education,aggressive,HIGH,Lucknow_UP,1
CUST10037,26359.73,46400.0,110,retired,credit_card,conservative,MEDIUM,Kolkata_East,0
CUST10038,55683.58,133200.0,15,salaried,home,moderate,HIGH,Lucknow_UP,0
CUST10039,45225.99,148500.0,119,salaried,business,conservative,LOW,Kolkata_East,0
CUST10040,60788.75,225100.0,120,self_employed,personal,moderate,LOW,Ahmedabad_West,0
CUST10041,15786.01,43200.0,71,student,business,moderate,MEDIUM,Kolkata_East,0
CUST10042,37246.4,34300.0,49,salaried,personal,moderate,LOW,Bangalore_Tech,0
CUST10043,58434.56,32700.0,102,salaried,personal,aggressive,HIGH,Chennai_South,1
CUST10044,108576.69,71500.0,98,self_employed,personal,moderate,MEDIUM,Ahmedabad_West,0
CUST10045,172930.55,185100.0,130,business_owner,auto,conservative,LOW,Bangalore_Tech,0
CUST10046,183440.67,385900.0,69,business_owner,personal,moderate,CRITICAL,Mumbai_Central,1
CUST10047,70487.38,86200.0,37,business_owner,personal,conservative,LOW,Lucknow_UP,0
CUST10048,46159.53,42200.0,159,salaried,education,aggressive,MEDIUM,Jaipur_North,0
CUST10049,36796.82,54700.0,179,retired,auto,conservative,MEDIUM,Bangalore_Tech,0
CUST10050,53269.93,200200.0,15,self_employed,personal,aggressive,MEDIUM,Delhi_NCR,0
CUST10051,72429.06,265000.0,88,salaried,credit_card,moderate,HIGH,Delhi_NCR,0
CUST10052,63223.99,241800.0,119,self_employed,credit_card,impulsive,HIGH,Delhi_NCR,1
CUST10053,95476.21,232800.0,41,business_owner,credit_card,conservative,MEDIUM,Chennai_South,1
CUST10054,71895.11,147100.0,78,self_employed,personal,impulsive,MEDIUM,Lucknow_UP,1
CUST10055,24582.71,86900.0,170,retired,home,aggressive,MEDIUM,Jaipur_North,0
CUST10056,26231.69,20900.0,147,retired,personal,impulsive,HIGH,Bangalore_Tech,0
CUST10057,75801.25,225800.0,169,self_employed,auto,moderate,LOW,Lucknow_UP,0
CUST10058,29847.87,16100.0,63,retired,personal,moderate,LOW,Kolkata_East,0
CUST10059,24949.41,63400.0,58,freelancer,personal,impulsive,MEDIUM,Hyderabad_IT,1
CUST10060,22581.32,14700.0,149,self_employed,education,impulsive,MEDIUM,Jaipur_North,0
CUST10061,84977.33,229700.0,119,self_employed,business,aggressive,MEDIUM,Hyderabad_IT,1
CUST10062,79172.74,305200.0,119,self_employed,home,conservative,LOW,Bangalore_Tech,0
CUST10063,75237.42,130700.0,43,self_employed,education,moderate,LOW,Hyderabad_IT,0
CUST10064,45320.17,118300.0,136,salaried,home,conservative,LOW,Delhi_NCR,0
CUST10065,12987.78,34400.0,111,freelancer,credit_card,moderate,CRITICAL,Kolkata_East,1
CUST10066,67300.38,265700.0,88,self_employed,auto,moderate,HIGH,Mumbai_Central,0
CUST10067,42216.81,90400.0,57,retired,business,moderate,LOW,Mumbai_Central,0
CUST10068,77988.44,198700.0,85,self_employed,personal,aggressive,HIGH,Chennai_South,0
CUST10069,74831.95,71200.0,115,self_employed,home,impulsive,MEDIUM,Ahmedabad_West,0
CUST10070,8000.0,27300.0,135,salaried,business,moderate,HIGH,Jaipur_North,0
CUST10071,109269.48,238200.0,144,business_owner,home,moderate,HIGH,Delhi_NCR,1
CUST10072,31624.91,83100.0,54,retired,personal,moderate,MEDIUM,Hyderabad_IT,0
CUST10073,71239.32,262600.0,31,self_employed,education,conservative,MEDIUM,Lucknow_UP,0
CUST10074,8000.0,16900.0,45,student,auto,impulsive,MEDIUM,Delhi_NCR,0
CUST10075,68611.31,144800.0,146,self_employed,education,moderate,MEDIUM,Ahmedabad_West,0
CUST10076,159884.61,368300.0,23,business_owner,credit_card,impulsive,MEDIUM,Pune_Main,0
CUST10077,51470.22,57600.0,92,salaried,business,conservative,LOW,Pune_Main,1
CUST10078,36722.66,30200.0,58,salaried,business,moderate,MEDIUM,Mumbai_Central,1
CUST10079,37595.12,124900.0,49,salaried,business,aggressive,LOW,Lucknow_UP,1
CUST10080,80614.59,57900.0,153,freelancer,business,conservative,MEDIUM,Pune_Main,0
CUST10081,76311.99,180400.0,41,self_employed,personal,conservative,LOW,Mumbai_Central,0
CUST10082,43401.63,157000.0,69,salaried,personal,moderate,MEDIUM,Pune_Main,0
CUST10083,49738.16,118400.0,115,salaried,education,moderate,HIGH,Delhi_NCR,1
CUST10084,87786.36,230600.0,123,self_employed,personal,conservative,LOW,Chennai_South,0
CUST10085,50659.33,52400.0,64,salaried,business,conservative,LOW,Ahmedabad_West,0
CUST10086,30388.17,58800.0,77,retired,education,impulsive,HIGH,Hyderabad_IT,0
CUST10087,10845.25,24100.0,81,student,auto,aggressive,HIGH,Ahmedabad_West,1
CUST10088,59230.19,230300.0,22,self_employed,personal,aggressive,LOW,Mumbai_Central,0
CUST10089,139782.66,211100.0,102,business_owner,credit_card,moderate,LOW,Delhi_NCR,0
CUST10090,42093.8,30400.0,67,salaried,credit_card,impulsive,CRITICAL,Jaipur_North,1
CUST10091,37308.89,96400.0,96,freelancer,personal,moderate,MEDIUM,Chennai_South,0
CUST10092,31357.83,35600.0,66,retired,credit_card,conservative,MEDIUM,Ahmedabad_West,0
CUST10093,30715.15,96000.0,167,retired,credit_card,aggressive,HIGH,Delhi_NCR,0
CUST10094,31675.74,113100.0,41,business_owner,business,moderate,HIGH,Delhi_NCR,1
CUST10095,134431.14,321200.0,147,business_owner,personal,moderate,MEDIUM,Kolkata_East,0
CUST10096,12773.47,21300.0,17,self_employed,credit_card,aggressive,MEDIUM,Mumbai_Central,0
CUST10097,105812.05,384000.0,99,self_employed,credit_card,aggressive,LOW,Chennai_South,1
CUST10098,37957.51,113800.0,120,freelancer,business,moderate,HIGH,Bangalore_Tech,1
CUST10099,59366.97,155200.0,159,self_employed,education,moderate,MEDIUM,Pune_Main,0
CUST10100,74956.58,225400.0,76,salaried,business,moderate,HIGH,Hyderabad_IT,0
CUST10101,119982.93,254000.0,113,self_employed,education,impulsive,HIGH,Bangalore_Tech,1
CUST10102,39639.77,71800.0,43,retired,business,conservative,LOW,Kolkata_East,0
CUST10103,65086.38,86300.0,3,salaried,business,conservative,MEDIUM,Kolkata_East,0
CUST10104,31248.9,97000.0,37,salaried,education,conservative,MEDIUM,Jaipur_North,0
CUST10105,41323.86,154200.0,93,retired,personal,moderate,MEDIUM,Delhi_NCR,0
CUST10106,37085.94,22900.0,152,salaried,home,moderate,HIGH,Pune_Main,0
CUST10107,131087.26,147200.0,65,business_owner,credit_card,impulsive,HIGH,Ahmedabad_West,1
CUST10108,53060.84,165800.0,31,self_employed,personal,conservative,LOW,Ahmedabad_West,0
CUST10109,125971.46,192600.0,115,business_owner,home,aggressive,MEDIUM,Hyderabad_IT,0
CUST10110,39027.24,29800.0,112,freelancer,home,aggressive,LOW,Mumbai_Central,0
CUST10111,44262.85,46300.0,67,salaried,personal,aggressive,MEDIUM,Kolkata_East,0
CUST10112,55383.57,143000.0,53,salaried,personal,moderate,MEDIUM,Ahmedabad_West,0
CUST10113,33837.24,45700.0,146,salaried,education,aggressive,HIGH,Bangalore_Tech,1
CUST10114,93710.67,340800.0,149,business_owner,credit_card,conservative,LOW,Delhi_NCR,0
CUST10115,82505.77,162900.0,132,business_owner,auto,impulsive,MEDIUM,Kolkata_East,0
CUST10116,47867.04,153600.0,101,salaried,education,moderate,HIGH,Lucknow_UP,1
CUST10117,65313.74,64700.0,130,freelancer,personal,aggressive,MEDIUM,Pune_Main,0
CUST10118,59617.03,162000.0,6,salaried,home,conservative,MEDIUM,Lucknow_UP,0
CUST10119,16318.65,47600.0,130,retired,credit_card,aggressive,HIGH,Lucknow_UP,1
CUST10120,136330.11,379000.0,108,business_owner,business,aggressive,LOW,Chennai_South,0
CUST10121,29461.25,42200.0,55,salaried,home,aggressive,LOW,Mumbai_Central,0
CUST10122,79590.35,52900.0,38,self_employed,auto,conservative,LOW,Lucknow_UP,0
CUST10123,19454.18,66700.0,41,salaried,auto,moderate,CRITICAL,Hyderabad_IT,1
CUST10124,82332.95,252300.0,83,self_employed,business,conservative,LOW,Pune_Main,0
CUST10125,127393.44,275100.0,131,business_owner,personal,moderate,LOW,Ahmedabad_West,0
CUST10126,87693.8,289200.0,100,self_employed,education,aggressive,LOW,Delhi_NCR,0
CUST10127,46563.0,154900.0,49,salaried,education,impulsive,HIGH,Ahmedabad_West,1
CUST10128,70690.66,214500.0,91,freelancer,education,moderate,CRITICAL,Lucknow_UP,1
CUST10129,65335.54,185900.0,28,salaried,credit_card,conservative,CRITICAL,Hyderabad_IT,1
CUST10130,33573.12,130900.0,169,retired,auto,impulsive,CRITICAL,Pune_Main,1
CUST10131,64668.19,178200.0,110,self_employed,education,aggressive,LOW,Pune_Main,0
CUST10132,9765.3,18700.0,6,retired,credit_card,moderate,HIGH,Hyderabad_IT,0
CUST10133,74472.67,200400.0,57,salaried,auto,impulsive,MEDIUM,Lucknow_UP,0
CUST10134,18204.52,13600.0,64,student,credit_card,conservative,LOW,Jaipur_North,0
CUST10135,113123.47,164100.0,105,business_owner,education,moderate,LOW,Chennai_South,0
CUST10136,44822.72,69000.0,39,freelancer,personal,aggressive,HIGH,Mumbai_Central,1
CUST10137,28922.62,19000.0,39,retired,credit_card,conservative,LOW,Chennai_South,0
CUST10138,69764.84,265600.0,155,salaried,education,moderate,MEDIUM,Bangalore_Tech,0
CUST10139,51790.17,196800.0,112,salaried,home,moderate,MEDIUM,Pune_Main,0
CUST10140,81714.09,221000.0,63,self_employed,auto,conservative,MEDIUM,Lucknow_UP,0
CUST10141,82704.74,183500.0,15,self_employed,credit_card,impulsive,HIGH,Jaipur_North,1
CUST10142,86395.6,308500.0,155,business_owner,home,conservative,HIGH,Lucknow_UP,0
CUST10143,31317.58,87500.0,126,retired,business,moderate,LOW,Ahmedabad_West,1
CUST10144,121823.69,471100.0,116,business_owner,credit_card,conservative,CRITICAL,Delhi_NCR,0
CUST10145,24952.06,42900.0,35,retired,business,aggressive,MEDIUM,Ahmedabad_West,1
CUST10146,63659.93,225100.0,91,freelancer,credit_card,aggressive,HIGH,Lucknow_UP,0
CUST10147,61325.27,180700.0,33,salaried,home,conservative,HIGH,Lucknow_UP,0
CUST10148,31837.02,16000.0,14,retired,home,moderate,HIGH,Mumbai_Central,1
CUST10149,113901.15,103100.0,111,business_owner,auto,moderate,LOW,Hyderabad_IT,0
CUST10150,54303.69,186800.0,39,salaried,credit_card,moderate,LOW,Hyderabad_IT,0
CUST10151,13350.43,38800.0,152,student,personal,conservative,MEDIUM,Lucknow_UP,0
CUST10152,55336.3,153100.0,31,self_employed,auto,moderate,LOW,Mumbai_Central,0
CUST10153,83662.07,184900.0,28,salaried,home,aggressive,MEDIUM,Pune_Main,0
CUST10154,8000.0,8600.0,118,student,home,aggressive,MEDIUM,Bangalore_Tech,0
CUST10155,32047.76,46700.0,23,business_owner,credit_card,impulsive,HIGH,Bangalore_Tech,1
CUST10156,92447.21,120600.0,14,self_employed,home,conservative,MEDIUM,Ahmedabad_West,0
CUST10157,51901.49,63000.0,52,salaried,education,conservative,LOW,Kolkata_East,0
CUST10158,127860.85,420400.0,19,business_owner,business,moderate,LOW,Bangalore_Tech,0
CUST10159,87725.09,105400.0,119,self_employed,home,moderate,LOW,Ahmedabad_West,0
CUST10160,119070.57,224400.0,35,self_employed,education,impulsive,HIGH,Hyderabad_IT,1
CUST10161,26919.52,81700.0,78,retired,personal,aggressive,LOW,Hyderabad_IT,0
CUST10162,140995.55,75300.0,35,business_owner,personal,moderate,MEDIUM,Mumbai_Central,0
CUST10163,44253.0,77500.0,92,retired,business,moderate,CRITICAL,Lucknow_UP,1
CUST10164,26052.3,22600.0,136,retired,personal,moderate,HIGH,Hyderabad_IT,1
CUST10165,102200.67,270400.0,94,business_owner,business,conservative,HIGH,Bangalore_Tech,0
CUST10166,56718.0,190600.0,43,salaried,education,moderate,MEDIUM,Lucknow_UP,1
CUST10167,93753.64,284700.0,27,self_employed,credit_card,moderate,MEDIUM,Delhi_NCR,0
CUST10168,62842.53,176300.0,148,salaried,auto,moderate,MEDIUM,Hyderabad_IT,0
CUST10169,46394.5,111300.0,37,salaried,credit_card,moderate,LOW,Hyderabad_IT,0
CUST10170,51139.35,181000.0,150,salaried,credit_card,aggressive,HIGH,Bangalore_Tech,1
CUST10171,11628.32,37100.0,98,freelancer,personal,moderate,MEDIUM,Bangalore_Tech,1
CUST10172,78530.64,203600.0,117,salaried,home,aggressive,MEDIUM,Hyderabad_IT,1
CUST10173,31411.55,57900.0,101,self_employed,home,moderate,HIGH,Ahmedabad_West,0
CUST10174,111498.69,201300.0,168,self_employed,credit_card,moderate,MEDIUM,Jaipur_North,1
CUST10175,74134.67,263000.0,86,salaried,home,moderate,MEDIUM,Kolkata_East,0
CUST10176,60614.2,85100.0,170,salaried,education,aggressive,LOW,Ahmedabad_West,1
CUST10177,67828.88,90200.0,82,self_employed,home,conservative,LOW,Lucknow_UP,0
CUST10178,113461.31,290200.0,30,business_owner,personal,impulsive,HIGH,Chennai_South,1
CUST10179,41370.56,97900.0,58,self_employed,education,aggressive,HIGH,Hyderabad_IT,1
CUST10180,50096.79,35100.0,31,salaried,personal,moderate,CRITICAL,Kolkata_East,1
CUST10181,46735.78,52800.0,14,salaried,home,conservative,MEDIUM,Bangalore_Tech,1
CUST10182,15696.71,55500.0,153,student,education,moderate,MEDIUM,Hyderabad_IT,1
CUST10183,61788.02,37400.0,126,salaried,home,moderate,HIGH,Chennai_South,0
CUST10184,45643.47,161500.0,173,salaried,home,conservative,MEDIUM,Pune_Main,0
CUST10185,83710.47,285300.0,74,salaried,personal,aggressive,HIGH,Bangalore_Tech,0
CUST10186,145549.21,273400.0,65,business_owner,personal,aggressive,LOW,Mumbai_Central,0
CUST10187,41424.88,147000.0,70,self_employed,home,aggressive,MEDIUM,Hyderabad_IT,0
CUST10188,70703.8,224000.0,77,salaried,personal,aggressive,MEDIUM,Ahmedabad_West,0
CUST10189,63549.25,176100.0,145,salaried,credit_card,moderate,MEDIUM,Delhi_NCR,0
CUST10190,31181.82,56300.0,112,self_employed,business,conservative,MEDIUM,Lucknow_UP,0
CUST10191,38929.28,87700.0,158,freelancer,credit_card,moderate,CRITICAL,Lucknow_UP,0
CUST10192,56344.12,76700.0,89,salaried,business,moderate,LOW,Pune_Main,1
CUST10193,21372.12,49700.0,82,freelancer,credit_card,aggressive,MEDIUM,Jaipur_North,0
CUST10194,71307.81,155200.0,119,business_owner,education,conservative,MEDIUM,Delhi_NCR,0
CUST10195,100718.13,82000.0,79,business_owner,education,aggressive,LOW,Lucknow_UP,0
CUST10196,63250.78,71800.0,58,salaried,personal,moderate,HIGH,Lucknow_UP,1
CUST10197,40474.83,150200.0,56,salaried,personal,moderate,LOW,Ahmedabad_West,0
CUST10198,76187.44,196400.0,124,self_employed,personal,aggressive,MEDIUM,Lucknow_UP,0
CUST10199,48003.64,83400.0,21,retired,education,conservative,LOW,Kolkata_East,0
CUST10200,129579.1,269700.0,110,business_owner,home,moderate,LOW,Mumbai_Central,0
CUST10201,43269.74,36100.0,162,salaried,auto,conservative,MEDIUM,Lucknow_UP,0
CUST10202,46793.57,46600.0,44,salaried,business,conservative,MEDIUM,Kolkata_East,1
CUST10203,48271.47,26800.0,70,freelancer,home,moderate,HIGH,Hyderabad_IT,0
CUST10204,104834.89,83800.0,125,business_owner,business,impulsive,MEDIUM,Jaipur_North,0
CUST10205,111856.79,229100.0,174,business_owner,auto,aggressive,MEDIUM,Chennai_South,0
CUST10206,80344.55,105100.0,132,salaried,education,moderate,LOW,Pune_Main,0
CUST10207,91764.41,365600.0,152,self_employed,education,moderate,LOW,Lucknow_UP,0
CUST10208,17693.78,21300.0,123,student,education,moderate,LOW,Mumbai_Central,0
CUST10209,41189.9,162100.0,25,salaried,education,moderate,LOW,Delhi_NCR,0
CUST10210,73196.47,170100.0,34,salaried,personal,moderate,LOW,Chennai_South,0
CUST10211,31133.74,100800.0,153,retired,home,aggressive,LOW,Pune_Main,0
CUST10212,39492.07,90200.0,156,self_employed,education,aggressive,LOW,Pune_Main,0
CUST10213,52032.95,193500.0,103,self_employed,education,moderate,CRITICAL,Lucknow_UP,1
CUST10214,92161.2,248600.0,136,self_employed,auto,aggressive,MEDIUM,Kolkata_East,0
CUST10215,20590.35,16100.0,132,salaried,auto,moderate,LOW,Pune_Main,0
CUST10216,18561.36,46600.0,97,student,business,moderate,LOW,Mumbai_Central,0
CUST10217,124809.03,396500.0,27,business_owner,credit_card,conservative,LOW,Chennai_South,0
CUST10218,69261.94,91000.0,94,salaried,credit_card,conservative,LOW,Bangalore_Tech,0
CUST10219,8000.0,7000.0,132,self_employed,education,moderate,LOW,Kolkata_East,0
CUST10220,44670.0,177900.0,85,salaried,personal,conservative,CRITICAL,Delhi_NCR,0
CUST10221,54060.15,175100.0,99,salaried,education,conservative,MEDIUM,Bangalore_Tech,1
CUST10222,17184.69,27000.0,65,student,credit_card,moderate,MEDIUM,Bangalore_Tech,0
CUST10223,99766.16,278300.0,16,self_employed,credit_card,moderate,MEDIUM,Hyderabad_IT,0
CUST10224,12164.04,23900.0,60,student,credit_card,aggressive,MEDIUM,Mumbai_Central,0
CUST10225,49158.73,168100.0,175,salaried,education,moderate,LOW,Mumbai_Central,0
CUST10226,25597.63,88400.0,54,salaried,education,conservative,LOW,Pune_Main,0
CUST10227,121513.97,220600.0,23,self_employed,home,moderate,MEDIUM,Mumbai_Central,0
CUST10228,11654.64,33900.0,12,student,home,moderate,LOW,Lucknow_UP,0
CUST10229,70598.57,228300.0,10,salaried,auto,aggressive,MEDIUM,Hyderabad_IT,0
CUST10230,94380.26,218400.0,103,business_owner,credit_card,conservative,LOW,Ahmedabad_West,0
CUST10231,57525.93,173000.0,135,salaried,education,conservative,LOW,Chennai_South,0
CUST10232,75894.05,295800.0,7,self_employed,credit_card,impulsive,HIGH,Hyderabad_IT,1
CUST10233,44635.0,63700.0,138,freelancer,personal,conservative,HIGH,Jaipur_North,0
CUST10234,61933.0,164300.0,124,self_employed,business,aggressive,MEDIUM,Pune_Main,1
CUST10235,51237.5,48100.0,15,salaried,credit_card,moderate,LOW,Pune_Main,0
CUST10236,63352.31,81500.0,126,salaried,home,moderate,MEDIUM,Jaipur_North,1
CUST10237,51844.45,75600.0,115,salaried,credit_card,impulsive,HIGH,Delhi_NCR,1
CUST10238,149847.5,210500.0,151,business_owner,business,moderate,MEDIUM,Ahmedabad_West,1
CUST10239,37796.13,92700.0,152,freelancer,auto,conservative,LOW,Jaipur_North,0
CUST10240,16998.44,57200.0,24,student,auto,conservative,MEDIUM,Chennai_South,1
CUST10241,93945.72,214100.0,41,business_owner,education,conservative,MEDIUM,Jaipur_North,0
CUST10242,42230.88,22500.0,106,freelancer,auto,conservative,CRITICAL,Lucknow_UP,0
CUST10243,71028.07,112800.0,157,business_owner,home,aggressive,HIGH,Jaipur_North,1
CUST10244,110973.52,384900.0,16,self_employed,personal,aggressive,HIGH,Pune_Main,1
CUST10245,97501.73,280300.0,72,freelancer,auto,aggressive,HIGH,Chennai_South,0
CUST10246,78456.03,253500.0,56,salaried,credit_card,conservative,MEDIUM,Lucknow_UP,1
CUST10247,69990.14,122100.0,121,business_owner,education,aggressive,LOW,Delhi_NCR,0
CUST10248,78131.65,192400.0,84,salaried,auto,moderate,MEDIUM,Delhi_NCR,1
CUST10249,120152.32,92500.0,119,self_employed,education,conservative,MEDIUM,Delhi_NCR,1
CUST10250,59205.11,119500.0,49,self_employed,auto,conservative,MEDIUM,Jaipur_North,0
CUST10251,10569.79,29100.0,49,student,auto,moderate,MEDIUM,Hyderabad_IT,0
CUST10252,19250.47,73700.0,5,student,credit_card,conservative,CRITICAL,Mumbai_Central,0
CUST10253,155028.63,395700.0,53,business_owner,credit_card,aggressive,CRITICAL,Delhi_NCR,1
CUST10254,70494.46,243000.0,7,salaried,education,conservative,LOW,Hyderabad_IT,1
CUST10255,112202.19,75700.0,102,business_owner,business,impulsive,CRITICAL,Jaipur_North,1
CUST10256,40024.22,125300.0,160,salaried,education,aggressive,CRITICAL,Lucknow_UP,1
CUST10257,59526.88,84300.0,82,salaried,business,conservative,LOW,Lucknow_UP,0
CUST10258,24257.41,84600.0,23,retired,education,conservative,MEDIUM,Pune_Main,0
CUST10259,57890.98,99300.0,150,self_employed,credit_card,impulsive,HIGH,Lucknow_UP,1
CUST10260,34339.71,76600.0,167,retired,personal,impulsive,HIGH,Delhi_NCR,1
CUST10261,73815.35,281600.0,119,salaried,education,impulsive,LOW,Lucknow_UP,0
CUST10262,62049.97,244000.0,169,salaried,business,conservative,LOW,Mumbai_Central,0
CUST10263,117867.81,92600.0,87,self_employed,credit_card,moderate,MEDIUM,Pune_Main,0
CUST10264,111965.94,393800.0,78,business_owner,business,moderate,HIGH,Lucknow_UP,0
CUST10265,14291.52,46900.0,23,student,education,moderate,LOW,Lucknow_UP,0
CUST10266,56840.05,69200.0,157,salaried,credit_card,impulsive,CRITICAL,Jaipur_North,1
CUST10267,184987.14,578600.0,133,business_owner,education,moderate,MEDIUM,Mumbai_Central,0
CUST10268,57039.93,118700.0,53,self_employed,auto,moderate,LOW,Ahmedabad_West,0
CUST10269,73114.98,60600.0,87,salaried,personal,moderate,HIGH,Ahmedabad_West,0
CUST10270,120495.95,130300.0,29,self_employed,home,moderate,LOW,Ahmedabad_West,0
CUST10271,24240.22,62900.0,178,self_employed,auto,conservative,MEDIUM,Chennai_South,1
CUST10272,51604.9,185200.0,18,self_employed,personal,aggressive,MEDIUM,Kolkata_East,0
CUST10273,58055.08,176400.0,61,salaried,auto,moderate,CRITICAL,Chennai_South,1
CUST10274,191716.9,693200.0,11,business_owner,education,conservative,LOW,Hyderabad_IT,0
CUST10275,75598.88,225700.0,177,self_employed,education,moderate,MEDIUM,Jaipur_North,0
CUST10276,102424.86,171400.0,163,self_employed,credit_card,conservative,MEDIUM,Delhi_NCR,0
CUST10277,54656.98,93900.0,25,salaried,business,moderate,HIGH,Mumbai_Central,1
CUST10278,33229.84,90400.0,170,retired,education,conservative,LOW,Kolkata_East,0
CUST10279,54637.07,152600.0,69,salaried,education,impulsive,LOW,Lucknow_UP,0
CUST10280,44991.72,27700.0,144,self_employed,education,moderate,MEDIUM,Mumbai_Central,0
CUST10281,31445.1,102500.0,136,freelancer,auto,aggressive,LOW,Kolkata_East,0
CUST10282,31586.64,40900.0,149,salaried,business,moderate,LOW,Bangalore_Tech,0
CUST10283,33579.54,66300.0,85,salaried,business,conservative,LOW,Delhi_NCR,0
CUST10284,36747.31,144600.0,126,retired,personal,moderate,MEDIUM,Delhi_NCR,1
CUST10285,33961.7,30400.0,170,retired,personal,aggressive,MEDIUM,Jaipur_North,0
CUST10286,26722.0,69300.0,70,salaried,education,conservative,MEDIUM,Ahmedabad_West,0
CUST10287,27629.86,45800.0,18,retired,credit_card,moderate,CRITICAL,Mumbai_Central,1
CUST10288,30609.83,99900.0,50,salaried,education,moderate,MEDIUM,Chennai_South,0
CUST10289,100165.66,90400.0,67,business_owner,credit_card,conservative,MEDIUM,Kolkata_East,0
CUST10290,53648.11,172100.0,95,self_employed,business,moderate,HIGH,Ahmedabad_West,1
CUST10291,8000.0,16500.0,57,student,education,aggressive,MEDIUM,Bangalore_Tech,0
CUST10292,124273.57,475600.0,3,self_employed,business,moderate,HIGH,Hyderabad_IT,0
CUST10293,28592.91,14600.0,126,retired,home,conservative,HIGH,Mumbai_Central,0
CUST10294,127411.08,273200.0,179,self_employed,credit_card,moderate,MEDIUM,Hyderabad_IT,0
CUST10295,25947.12,17500.0,99,retired,home,aggressive,HIGH,Kolkata_East,0
CUST10296,33841.17,51700.0,43,retired,personal,impulsive,LOW,Ahmedabad_West,0
CUST10297,138271.68,494900.0,13,self_employed,business,moderate,LOW,Delhi_NCR,0
CUST10298,107014.2,384000.0,163,self_employed,credit_card,aggressive,LOW,Lucknow_UP,0
CUST10299,11453.25,38600.0,177,student,personal,conservative,LOW,Bangalore_Tech,0
CUST10300,109258.77,229100.0,158,business_owner,education,moderate,LOW,Mumbai_Central,0
CUST10301,41632.12,32500.0,31,salaried,personal,moderate,CRITICAL,Lucknow_UP,1
CUST10302,67535.3,184100.0,86,self_employed,business,impulsive,CRITICAL,Chennai_South,1
CUST10303,30150.8,22100.0,83,retired,personal,moderate,LOW,Delhi_NCR,0
CUST10304,65346.94,240800.0,155,self_employed,personal,aggressive,LOW,Hyderabad_IT,0
CUST10305,23850.51,69700.0,121,retired,personal,moderate,MEDIUM,Chennai_South,1
CUST10306,18722.45,34500.0,43,retired,auto,moderate,MEDIUM,Lucknow_UP,0
CUST10307,81624.52,48600.0,36,self_employed,education,moderate,MEDIUM,Chennai_South,0
CUST10308,113821.38,263000.0,128,business_owner,auto,moderate,LOW,Mumbai_Central,0
CUST10309,61458.59,213000.0,67,salaried,education,moderate,HIGH,Mumbai_Central,1
CUST10310,47892.41,108700.0,109,salaried,auto,impulsive,LOW,Lucknow_UP,0
CUST10311,69638.69,111200.0,124,self_employed,credit_card,conservative,LOW,Chennai_South,0
CUST10312,18484.77,48300.0,79,student,auto,aggressive,CRITICAL,Bangalore_Tech,1
CUST10313,49992.71,194900.0,51,salaried,credit_card,aggressive,CRITICAL,Pune_Main,1
CUST10314,64847.22,113300.0,87,salaried,business,aggressive,HIGH,Chennai_South,0
CUST10315,12546.14,30800.0,26,student,credit_card,moderate,MEDIUM,Delhi_NCR,0
CUST10316,47171.47,152800.0,154,salaried,home,aggressive,LOW,Delhi_NCR,0
CUST10317,63472.21,119500.0,149,salaried,auto,conservative,LOW,Chennai_South,0
CUST10318,96215.77,60900.0,7,business_owner,personal,aggressive,MEDIUM,Ahmedabad_West,0
CUST10319,23531.57,84000.0,50,salaried,education,impulsive,HIGH,Bangalore_Tech,1
CUST10320,15815.74,23700.0,84,retired,education,conservative,LOW,Delhi_NCR,0
CUST10321,170476.86,438100.0,75,business_owner,education,aggressive,MEDIUM,Mumbai_Central,1
CUST10322,79070.89,125900.0,33,business_owner,home,conservative,CRITICAL,Hyderabad_IT,1
CUST10323,88222.96,267300.0,128,business_owner,credit_card,aggressive,LOW,Pune_Main,0
CUST10324,58174.61,190600.0,73,salaried,business,impulsive,CRITICAL,Kolkata_East,1
CUST10325,80888.62,137200.0,143,salaried,credit_card,moderate,LOW,Jaipur_North,0
CUST10326,52028.96,42100.0,130,freelancer,education,moderate,LOW,Hyderabad_IT,0
CUST10327,71052.25,172100.0,36,salaried,credit_card,moderate,MEDIUM,Delhi_NCR,0
CUST10328,58418.28,131600.0,68,self_employed,home,aggressive,HIGH,Lucknow_UP,1
CUST10329,64513.9,98900.0,122,self_employed,business,conservative,MEDIUM,Kolkata_East,1
CUST10330,27883.88,36000.0,23,retired,auto,moderate,CRITICAL,Chennai_South,0
CUST10331,19903.44,62900.0,76,self_employed,home,conservative,HIGH,Bangalore_Tech,0
CUST10332,128386.38,172900.0,154,business_owner,business,aggressive,HIGH,Bangalore_Tech,0
CUST10333,47625.46,153100.0,84,salaried,home,conservative,LOW,Jaipur_North,0
CUST10334,32476.2,47600.0,52,freelancer,personal,aggressive,LOW,Hyderabad_IT,0
CUST10335,55230.68,170800.0,67,salaried,auto,moderate,LOW,Delhi_NCR,0
CUST10336,128305.97,471600.0,58,business_owner,education,impulsive,HIGH,Delhi_NCR,0
CUST10337,70899.11,205900.0,122,salaried,home,moderate,LOW,Kolkata_East,0
CUST10338,52472.4,77400.0,23,salaried,education,conservative,HIGH,Delhi_NCR,0
CUST10339,127979.52,511700.0,43,business_owner,auto,conservative,LOW,Pune_Main,0
CUST10340,108544.33,264000.0,139,business_owner,personal,moderate,HIGH,Hyderabad_IT,1
CUST10341,78185.49,279900.0,164,self_employed,personal,conservative,MEDIUM,Ahmedabad_West,0
CUST10342,16860.84,65900.0,67,student,education,conservative,LOW,Chennai_South,0
CUST10343,46187.53,82500.0,46,salaried,credit_card,conservative,LOW,Lucknow_UP,0
CUST10344,32120.21,18200.0,113,salaried,business,conservative,LOW,Mumbai_Central,1
CUST10345,20929.48,30000.0,124,retired,education,aggressive,HIGH,Lucknow_UP,1
CUST10346,162144.5,519700.0,29,business_owner,business,moderate,CRITICAL,Chennai_South,1
CUST10347,44148.06,81200.0,137,salaried,credit_card,moderate,LOW,Jaipur_North,0
CUST10348,8000.0,14400.0,137,freelancer,education,conservative,MEDIUM,Delhi_NCR,0
CUST10349,58833.6,214400.0,47,salaried,business,aggressive,HIGH,Bangalore_Tech,1
CUST10350,32496.56,84900.0,174,retired,home,moderate,LOW,Bangalore_Tech,0
CUST10351,15749.66,59800.0,77,student,education,aggressive,CRITICAL,Hyderabad_IT,1
CUST10352,53446.73,53100.0,47,self_employed,auto,moderate,HIGH,Chennai_South,1
CUST10353,55054.79,202200.0,177,self_employed,education,conservative,MEDIUM,Hyderabad_IT,0
CUST10354,69810.02,207800.0,54,salaried,personal,conservative,LOW,Ahmedabad_West,0
CUST10355,53860.73,207500.0,63,salaried,home,moderate,LOW,Chennai_South,0
CUST10356,18273.27,57800.0,5,student,business,moderate,LOW,Hyderabad_IT,0
CUST10357,74616.32,91900.0,79,self_employed,home,conservative,CRITICAL,Hyderabad_IT,0
CUST10358,54558.48,104900.0,103,salaried,personal,impulsive,MEDIUM,Pune_Main,0
CUST10359,211133.32,159600.0,6,business_owner,education,moderate,CRITICAL,Delhi_NCR,0
CUST10360,72224.2,136000.0,108,freelancer,business,impulsive,HIGH,Bangalore_Tech,1
CUST10361,40075.0,109900.0,90,salaried,home,aggressive,LOW,Hyderabad_IT,0
CUST10362,39101.65,126900.0,173,retired,credit_card,moderate,MEDIUM,Ahmedabad_West,0
CUST10363,32796.76,36800.0,24,retired,credit_card,moderate,HIGH,Jaipur_North,0
CUST10364,157396.94,344000.0,96,self_employed,auto,moderate,LOW,Delhi_NCR,0
CUST10365,8000.0,20200.0,118,student,credit_card,moderate,HIGH,Bangalore_Tech,1
CUST10366,165048.0,603700.0,61,business_owner,auto,impulsive,LOW,Jaipur_North,0
CUST10367,50894.56,31900.0,70,salaried,credit_card,conservative,LOW,Ahmedabad_West,0
CUST10368,184688.5,275000.0,73,business_owner,home,moderate,HIGH,Ahmedabad_West,0
CUST10369,72608.9,230200.0,118,self_employed,credit_card,aggressive,HIGH,Ahmedabad_West,0
CUST10370,68303.31,83700.0,167,salaried,personal,conservative,HIGH,Delhi_NCR,0
CUST10371,48688.57,165200.0,26,salaried,home,conservative,MEDIUM,Bangalore_Tech,0
CUST10372,56642.06,84300.0,64,salaried,personal,moderate,LOW,Jaipur_North,0
CUST10373,162101.16,115800.0,170,business_owner,business,moderate,HIGH,Chennai_South,0
CUST10374,65190.6,201900.0,52,salaried,business,aggressive,MEDIUM,Chennai_South,0
CUST10375,22024.12,74000.0,120,freelancer,education,conservative,HIGH,Kolkata_East,0
CUST10376,58807.92,60200.0,172,salaried,home,moderate,MEDIUM,Pune_Main,0
CUST10377,76378.69,194200.0,70,freelancer,education,impulsive,MEDIUM,Jaipur_North,0
CUST10378,76850.65,229000.0,106,salaried,auto,conservative,LOW,Hyderabad_IT,0
CUST10379,16559.07,48500.0,83,student,home,aggressive,HIGH,Jaipur_North,0
CUST10380,35513.25,139400.0,78,salaried,credit_card,aggressive,HIGH,Kolkata_East,1
CUST10381,39444.7,62800.0,98,self_employed,education,moderate,MEDIUM,Pune_Main,0
CUST10382,49012.72,161300.0,134,salaried,auto,moderate,HIGH,Delhi_NCR,0
CUST10383,50997.02,120900.0,29,freelancer,business,moderate,MEDIUM,Ahmedabad_West,0
CUST10384,58654.56,110700.0,174,salaried,home,conservative,LOW,Ahmedabad_West,1
CUST10385,41094.06,92700.0,116,retired,auto,conservative,HIGH,Delhi_NCR,1
CUST10386,49460.84,119700.0,147,salaried,business,conservative,LOW,Mumbai_Central,0
CUST10387,73584.71,262900.0,35,self_employed,business,moderate,LOW,Pune_Main,0
CUST10388,42086.89,29400.0,143,self_employed,education,moderate,CRITICAL,Hyderabad_IT,1
CUST10389,69716.23,63200.0,150,freelancer,credit_card,aggressive,HIGH,Ahmedabad_West,1
CUST10390,60156.82,44300.0,8,salaried,home,moderate,LOW,Chennai_South,0
CUST10391,14756.74,36100.0,179,student,education,conservative,LOW,Kolkata_East,0
CUST10392,53748.43,77400.0,173,salaried,auto,conservative,HIGH,Hyderabad_IT,1
CUST10393,33255.32,66700.0,113,salaried,home,aggressive,MEDIUM,Chennai_South,0
CUST10394,72848.67,192000.0,4,salaried,credit_card,moderate,LOW,Bangalore_Tech,0
CUST10395,20068.38,17500.0,50,student,credit_card,conservative,MEDIUM,Ahmedabad_West,0
CUST10396,161892.71,312200.0,166,business_owner,auto,conservative,LOW,Mumbai_Central,0
CUST10397,72543.85,220500.0,8,salaried,business,moderate,HIGH,Mumbai_Central,1
CUST10398,49140.9,177700.0,134,self_employed,credit_card,conservative,HIGH,Jaipur_North,0
CUST10399,99285.66,395800.0,170,self_employed,personal,conservative,MEDIUM,Chennai_South,0
CUST10400,23729.87,34400.0,64,retired,home,conservative,LOW,Mumbai_Central,0
CUST10401,92378.36,72400.0,21,business_owner,education,impulsive,CRITICAL,Ahmedabad_West,1
CUST10402,76255.31,235100.0,75,salaried,credit_card,moderate,LOW,Hyderabad_IT,0
CUST10403,58626.79,97800.0,39,freelancer,personal,aggressive,CRITICAL,Pune_Main,1
CUST10404,87827.66,120300.0,166,freelancer,home,aggressive,MEDIUM,Chennai_South,1
CUST10405,29987.94,59000.0,6,freelancer,business,moderate,HIGH,Kolkata_East,0
CUST10406,66897.54,58100.0,123,salaried,personal,aggressive,MEDIUM,Hyderabad_IT,0
CUST10407,54751.96,58100.0,111,salaried,education,conservative,MEDIUM,Delhi_NCR,0
CUST10408,39882.79,54800.0,23,salaried,credit_card,moderate,MEDIUM,Lucknow_UP,0
CUST10409,21063.41,68700.0,98,retired,credit_card,moderate,CRITICAL,Bangalore_Tech,1
CUST10410,63594.36,83400.0,8,business_owner,auto,moderate,CRITICAL,Delhi_NCR,1
CUST10411,43291.9,100700.0,78,salaried,auto,aggressive,HIGH,Jaipur_North,1
CUST10412,49491.57,96000.0,114,salaried,credit_card,aggressive,LOW,Mumbai_Central,0
CUST10413,8276.51,29100.0,96,freelancer,business,moderate,HIGH,Hyderabad_IT,0
CUST10414,50784.71,88400.0,30,salaried,auto,conservative,LOW,Kolkata_East,0
CUST10415,61374.49,114700.0,74,salaried,auto,conservative,HIGH,Jaipur_North,0
CUST10416,103542.52,304200.0,100,self_employed,auto,aggressive,LOW,Hyderabad_IT,0
CUST10417,26773.81,15500.0,63,business_owner,credit_card,impulsive,HIGH,Kolkata_East,1
CUST10418,40062.77,75000.0,55,salaried,personal,impulsive,HIGH,Mumbai_Central,0
CUST10419,146045.45,511200.0,31,business_owner,credit_card,aggressive,MEDIUM,Lucknow_UP,0
CUST10420,73667.47,248600.0,120,salaried,personal,aggressive,MEDIUM,Kolkata_East,0
CUST10421,73300.52,83700.0,133,self_employed,auto,aggressive,HIGH,Chennai_South,1
CUST10422,47573.84,30800.0,106,self_employed,education,moderate,LOW,Bangalore_Tech,0
CUST10423,93078.13,70700.0,81,business_owner,education,moderate,HIGH,Lucknow_UP,0
CUST10424,45469.56,82000.0,118,salaried,auto,conservative,LOW,Lucknow_UP,0
CUST10425,37155.0,139400.0,51,salaried,personal,moderate,HIGH,Pune_Main,1
CUST10426,30316.52,96500.0,175,freelancer,business,moderate,HIGH,Kolkata_East,1
CUST10427,123279.82,388900.0,61,business_owner,education,conservative,MEDIUM,Jaipur_North,0
CUST10428,38511.58,54100.0,92,salaried,education,moderate,MEDIUM,Lucknow_UP,0
CUST10429,105927.03,287400.0,56,business_owner,auto,conservative,MEDIUM,Jaipur_North,0
CUST10430,49442.38,181800.0,83,salaried,home,moderate,LOW,Pune_Main,0
CUST10431,33916.49,69600.0,115,salaried,business,moderate,CRITICAL,Hyderabad_IT,1
CUST10432,102996.52,132600.0,151,self_employed,home,moderate,HIGH,Bangalore_Tech,0
CUST10433,35817.33,25800.0,25,retired,business,aggressive,HIGH,Ahmedabad_West,0
CUST10434,40758.64,82100.0,151,salaried,auto,conservative,LOW,Chennai_South,0
CUST10435,177389.4,621500.0,112,business_owner,auto,aggressive,MEDIUM,Ahmedabad_West,0
CUST10436,60025.87,82300.0,178,salaried,auto,moderate,LOW,Bangalore_Tech,0
CUST10437,32529.25,122600.0,111,retired,auto,aggressive,MEDIUM,Delhi_NCR,0
CUST10438,76941.48,297300.0,160,business_owner,education,impulsive,HIGH,Chennai_South,0
CUST10439,37603.68,20700.0,102,salaried,auto,aggressive,MEDIUM,Lucknow_UP,0
CUST10440,158670.42,405300.0,129,business_owner,auto,moderate,CRITICAL,Pune_Main,1
CUST10441,51611.47,96100.0,112,freelancer,home,conservative,HIGH,Kolkata_East,0
CUST10442,99503.72,204100.0,172,business_owner,education,moderate,HIGH,Hyderabad_IT,1
CUST10443,208800.75,143400.0,57,business_owner,business,moderate,MEDIUM,Pune_Main,0
CUST10444,58030.82,40100.0,152,salaried,auto,moderate,CRITICAL,Mumbai_Central,1
CUST10445,146095.55,379500.0,177,business_owner,personal,conservative,LOW,Pune_Main,0
CUST10446,62846.19,185300.0,168,salaried,auto,aggressive,HIGH,Ahmedabad_West,1
CUST10447,21654.34,77600.0,68,student,education,moderate,HIGH,Hyderabad_IT,1
CUST10448,50437.37,34400.0,130,business_owner,education,conservative,LOW,Bangalore_Tech,0
CUST10449,71693.59,209200.0,178,salaried,auto,moderate,MEDIUM,Chennai_South,1
CUST10450,25174.34,73500.0,97,retired,credit_card,moderate,MEDIUM,Bangalore_Tech,1
CUST10451,45452.11,92000.0,44,salaried,business,moderate,MEDIUM,Delhi_NCR,1
CUST10452,104167.38,113400.0,140,business_owner,education,moderate,LOW,Chennai_South,0
CUST10453,104181.82,411400.0,153,self_employed,auto,conservative,LOW,Ahmedabad_West,0
CUST10454,33775.36,52600.0,84,salaried,business,impulsive,CRITICAL,Ahmedabad_West,1
CUST10455,35501.59,28000.0,48,salaried,business,moderate,LOW,Chennai_South,0
CUST10456,52361.15,83300.0,67,self_employed,home,conservative,HIGH,Jaipur_North,0
CUST10457,65160.04,96900.0,91,freelancer,home,moderate,LOW,Delhi_NCR,0
CUST10458,9604.62,6300.0,42,student,education,conservative,MEDIUM,Lucknow_UP,0
CUST10459,63837.09,141300.0,174,salaried,business,aggressive,MEDIUM,Delhi_NCR,0
CUST10460,128210.68,119400.0,64,business_owner,credit_card,aggressive,MEDIUM,Mumbai_Central,0
CUST10461,27901.63,63800.0,16,retired,business,aggressive,MEDIUM,Bangalore_Tech,0
CUST10462,15476.51,22900.0,158,student,auto,conservative,LOW,Hyderabad_IT,0
CUST10463,31364.25,47000.0,8,retired,business,impulsive,HIGH,Delhi_NCR,1
CUST10464,13475.98,41100.0,54,student,personal,moderate,LOW,Jaipur_North,0
CUST10465,66083.73,153300.0,134,salaried,credit_card,moderate,MEDIUM,Lucknow_UP,0
CUST10466,72080.38,74400.0,19,freelancer,home,moderate,LOW,Ahmedabad_West,0
CUST10467,18444.45,11800.0,15,student,credit_card,conservative,LOW,Mumbai_Central,0
CUST10468,62290.6,196900.0,15,freelancer,home,moderate,HIGH,Pune_Main,1
CUST10469,77783.3,47200.0,118,salaried,personal,conservative,LOW,Bangalore_Tech,0
CUST10470,53729.18,33400.0,113,self_employed,personal,moderate,MEDIUM,Delhi_NCR,0
CUST10471,45036.92,56500.0,138,freelancer,auto,moderate,MEDIUM,Mumbai_Central,0
CUST10472,196496.38,243200.0,170,business_owner,business,moderate,HIGH,Hyderabad_IT,1
CUST10473,67962.31,38500.0,179,salaried,auto,aggressive,MEDIUM,Delhi_NCR,0
CUST10474,62581.06,89400.0,30,salaried,home,moderate,MEDIUM,Hyderabad_IT,0
CUST10475,15979.23,57500.0,45,student,education,aggressive,LOW,Lucknow_UP,0
CUST10476,81761.84,140100.0,101,self_employed,business,moderate,HIGH,Ahmedabad_West,0
CUST10477,84217.25,292500.0,116,salaried,education,conservative,LOW,Hyderabad_IT,0
CUST10478,38568.99,150000.0,154,salaried,business,moderate,MEDIUM,Hyderabad_IT,1
CUST10479,131935.67,412800.0,69,business_owner,credit_card,aggressive,MEDIUM,Delhi_NCR,0
CUST10480,57708.92,111900.0,86,freelancer,education,moderate,HIGH,Kolkata_East,1
CUST10481,38238.73,59100.0,133,salaried,home,conservative,MEDIUM,Chennai_South,0
CUST10482,75732.85,114200.0,48,self_employed,personal,moderate,LOW,Chennai_South,0
CUST10483,188506.71,351600.0,110,business_owner,education,moderate,LOW,Pune_Main,0
CUST10484,56002.22,165100.0,63,salaried,credit_card,moderate,MEDIUM,Lucknow_UP,0
CUST10485,163076.91,346400.0,75,business_owner,auto,conservative,LOW,Pune_Main,0
CUST10486,46440.74,109700.0,127,freelancer,business,conservative,MEDIUM,Lucknow_UP,0
CUST10487,40755.82,24900.0,164,freelancer,education,aggressive,LOW,Jaipur_North,0
CUST10488,59178.35,156800.0,151,business_owner,personal,conservative,LOW,Hyderabad_IT,0
CUST10489,64152.12,110800.0,19,self_employed,business,moderate,HIGH,Lucknow_UP,1
CUST10490,48391.05,178800.0,74,salaried,credit_card,moderate,LOW,Hyderabad_IT,0
CUST10491,65812.37,212900.0,60,freelancer,personal,conservative,LOW,Kolkata_East,0
CUST10492,69329.2,133600.0,19,self_employed,personal,conservative,CRITICAL,Kolkata_East,0
CUST10493,57154.03,51900.0,165,self_employed,personal,moderate,CRITICAL,Delhi_NCR,0
CUST10494,15367.58,52500.0,147,self_employed,auto,aggressive,MEDIUM,Pune_Main,0
CUST10495,72157.55,125700.0,144,salaried,credit_card,moderate,MEDIUM,Bangalore_Tech,0
CUST10496,102469.64,237100.0,138,business_owner,auto,aggressive,LOW,Jaipur_North,0
CUST10497,46927.61,160900.0,127,salaried,personal,conservative,LOW,Delhi_NCR,0
CUST10498,51708.64,167200.0,128,salaried,credit_card,moderate,MEDIUM,Kolkata_East,0
CUST10499,29288.64,70000.0,6,retired,credit_card,aggressive,MEDIUM,Kolkata_East,0
CUST10500,30807.31,74400.0,122,self_employed,auto,conservative,LOW,Delhi_NCR,0
CUST10501,26684.08,79900.0,83,retired,personal,aggressive,LOW,Delhi_NCR,0
CUST10502,70625.87,269300.0,13,salaried,credit_card,moderate,HIGH,Lucknow_UP,0
CUST10503,63753.16,166500.0,115,salaried,auto,aggressive,MEDIUM,Jaipur_North,0
CUST10504,53429.3,198200.0,114,salaried,personal,aggressive,LOW,Lucknow_UP,0
CUST10505,8372.16,6700.0,171,retired,personal,moderate,LOW,Delhi_NCR,0
CUST10506,100657.54,58700.0,128,business_owner,home,aggressive,CRITICAL,Jaipur_North,1
CUST10507,54695.83,37000.0,92,self_employed,business,conservative,LOW,Jaipur_North,0
CUST10508,43215.32,110600.0,132,freelancer,home,moderate,CRITICAL,Ahmedabad_West,1
CUST10509,29699.43,53800.0,14,retired,credit_card,moderate,LOW,Mumbai_Central,0
CUST10510,38023.95,30700.0,177,salaried,education,conservative,LOW,Chennai_South,0
CUST10511,42127.79,52200.0,126,salaried,credit_card,aggressive,LOW,Chennai_South,0
CUST10512,83749.1,203900.0,57,freelancer,education,conservative,LOW,Bangalore_Tech,0
CUST10513,41879.2,71700.0,148,freelancer,credit_card,moderate,LOW,Hyderabad_IT,0
CUST10514,78516.94,92400.0,24,salaried,education,moderate,LOW,Bangalore_Tech,0
CUST10515,42107.5,39100.0,81,salaried,personal,conservative,HIGH,Bangalore_Tech,0
CUST10516,104980.24,109900.0,70,business_owner,credit_card,aggressive,LOW,Pune_Main,0
CUST10517,72735.29,149500.0,161,salaried,auto,moderate,LOW,Jaipur_North,0
CUST10518,60829.31,125500.0,98,self_employed,business,moderate,MEDIUM,Kolkata_East,1
CUST10519,22488.88,65500.0,6,student,home,aggressive,MEDIUM,Pune_Main,0
CUST10520,42007.07,49700.0,132,salaried,home,aggressive,HIGH,Ahmedabad_West,1
CUST10521,8000.0,5700.0,14,self_employed,auto,conservative,HIGH,Lucknow_UP,0
CUST10522,21949.85,12400.0,79,retired,personal,moderate,CRITICAL,Hyderabad_IT,0
CUST10523,49840.36,35400.0,109,salaried,auto,conservative,MEDIUM,Jaipur_North,0
CUST10524,16835.85,32700.0,178,student,education,conservative,MEDIUM,Kolkata_East,0
CUST10525,70616.3,140700.0,157,business_owner,home,moderate,LOW,Jaipur_North,0
CUST10526,23110.97,52000.0,144,student,home,conservative,MEDIUM,Lucknow_UP,0
CUST10527,118778.55,119000.0,129,self_employed,credit_card,aggressive,LOW,Bangalore_Tech,0
CUST10528,154946.39,410700.0,111,business_owner,auto,moderate,LOW,Chennai_South,0
CUST10529,100109.44,272100.0,142,business_owner,personal,moderate,LOW,Kolkata_East,0
CUST10530,84867.08,70500.0,100,business_owner,credit_card,aggressive,CRITICAL,Bangalore_Tech,1
CUST10531,104879.68,158300.0,101,business_owner,personal,conservative,LOW,Delhi_NCR,0
CUST10532,56846.59,190000.0,71,salaried,education,moderate,MEDIUM,Jaipur_North,1
CUST10533,93108.36,203000.0,56,self_employed,auto,conservative,MEDIUM,Hyderabad_IT,0
CUST10534,25504.43,40000.0,72,retired,credit_card,moderate,MEDIUM,Delhi_NCR,0
CUST10535,95366.13,294200.0,111,self_employed,education,aggressive,LOW,Jaipur_North,0
CUST10536,30943.08,88400.0,113,retired,credit_card,aggressive,LOW,Hyderabad_IT,0
CUST10537,52429.74,67700.0,117,salaried,home,moderate,MEDIUM,Kolkata_East,0
CUST10538,85867.87,60100.0,13,business_owner,home,conservative,LOW,Lucknow_UP,0
CUST10539,30682.27,19800.0,176,retired,education,moderate,MEDIUM,Hyderabad_IT,0
CUST10540,75854.49,275200.0,142,business_owner,home,conservative,CRITICAL,Hyderabad_IT,0
CUST10541,125425.28,220100.0,123,business_owner,credit_card,impulsive,MEDIUM,Jaipur_North,0
CUST10542,35014.67,100400.0,175,retired,home,moderate,LOW,Jaipur_North,0
CUST10543,74662.2,53500.0,80,self_employed,auto,moderate,MEDIUM,Mumbai_Central,0
CUST10544,52954.92,209200.0,168,salaried,personal,conservative,MEDIUM,Lucknow_UP,0
CUST10545,66207.92,64500.0,127,freelancer,home,conservative,LOW,Hyderabad_IT,0
CUST10546,23291.25,66700.0,6,retired,personal,conservative,MEDIUM,Kolkata_East,1
CUST10547,99857.73,354700.0,38,business_owner,home,moderate,LOW,Bangalore_Tech,0
CUST10548,67924.54,128200.0,33,salaried,education,conservative,LOW,Chennai_South,0
CUST10549,57085.91,216300.0,134,salaried,business,aggressive,MEDIUM,Hyderabad_IT,0
CUST10550,97379.01,315700.0,92,self_employed,home,conservative,LOW,Hyderabad_IT,0
CUST10551,53670.11,34400.0,97,freelancer,business,moderate,MEDIUM,Chennai_South,0
CUST10552,62927.77,106800.0,119,salaried,home,impulsive,MEDIUM,Bangalore_Tech,0
CUST10553,74220.89,67400.0,168,salaried,credit_card,conservative,LOW,Lucknow_UP,0
CUST10554,78146.02,135700.0,174,self_employed,business,aggressive,MEDIUM,Lucknow_UP,1
CUST10555,69166.96,179500.0,144,freelancer,education,moderate,CRITICAL,Delhi_NCR,1
CUST10556,68467.7,48500.0,76,business_owner,auto,moderate,HIGH,Kolkata_East,0
CUST10557,77317.89,207900.0,31,self_employed,auto,conservative,MEDIUM,Hyderabad_IT,0
CUST10558,61402.95,72400.0,47,self_employed,credit_card,moderate,LOW,Delhi_NCR,0
CUST10559,34600.26,84900.0,104,retired,home,impulsive,LOW,Jaipur_North,0
CUST10560,8807.2,14600.0,115,retired,personal,moderate,MEDIUM,Pune_Main,1
CUST10561,75272.54,71100.0,123,salaried,auto,conservative,LOW,Hyderabad_IT,0
CUST10562,159112.62,122300.0,157,business_owner,personal,conservative,MEDIUM,Ahmedabad_West,0
CUST10563,35774.12,90500.0,156,business_owner,business,conservative,LOW,Ahmedabad_West,0
CUST10564,34092.53,28600.0,47,salaried,home,conservative,MEDIUM,Pune_Main,0
CUST10565,97354.86,269300.0,28,business_owner,business,aggressive,LOW,Hyderabad_IT,0
CUST10566,91140.42,281500.0,21,freelancer,home,moderate,LOW,Kolkata_East,0
CUST10567,52318.37,160100.0,128,salaried,personal,moderate,MEDIUM,Chennai_South,1
CUST10568,109992.49,266200.0,56,business_owner,business,moderate,MEDIUM,Delhi_NCR,0
CUST10569,43251.0,41800.0,87,self_employed,personal,conservative,HIGH,Jaipur_North,0
CUST10570,75521.48,165600.0,148,salaried,personal,moderate,LOW,Chennai_South,0
CUST10571,40781.47,99400.0,117,self_employed,auto,moderate,LOW,Lucknow_UP,0
CUST10572,71169.29,117900.0,23,self_employed,home,aggressive,MEDIUM,Ahmedabad_West,0
CUST10573,115713.88,255600.0,147,business_owner,education,conservative,LOW,Jaipur_North,0
CUST10574,42841.53,157600.0,68,salaried,auto,conservative,LOW,Kolkata_East,0
CUST10575,50556.17,36100.0,90,business_owner,credit_card,conservative,LOW,Delhi_NCR,0
CUST10576,31832.6,115100.0,27,retired,business,moderate,HIGH,Delhi_NCR,0
CUST10577,71114.77,117100.0,148,salaried,home,conservative,MEDIUM,Jaipur_North,0
CUST10578,57761.2,153300.0,32,business_owner,personal,conservative,LOW,Bangalore_Tech,0
CUST10579,194509.86,107200.0,6,business_owner,personal,moderate,MEDIUM,Jaipur_North,0
CUST10580,42029.17,103000.0,81,salaried,home,aggressive,MEDIUM,Pune_Main,0
CUST10581,20319.43,11500.0,107,retired,auto,aggressive,LOW,Jaipur_North,0
CUST10582,27801.5,102600.0,62,salaried,credit_card,conservative,MEDIUM,Kolkata_East,0
CUST10583,43534.74,78700.0,22,self_employed,education,impulsive,MEDIUM,Kolkata_East,0
CUST10584,72921.44,183200.0,84,salaried,auto,conservative,LOW,Hyderabad_IT,0
CUST10585,68419.71,186500.0,128,salaried,business,moderate,LOW,Ahmedabad_West,0
CUST10586,24976.14,79400.0,32,retired,auto,conservative,MEDIUM,Mumbai_Central,0
CUST10587,70767.76,155800.0,85,salaried,home,conservative,LOW,Mumbai_Central,0
CUST10588,46525.27,135700.0,83,salaried,business,impulsive,MEDIUM,Ahmedabad_West,1
CUST10589,61348.19,83000.0,77,salaried,business,moderate,LOW,Delhi_NCR,0
CUST10590,20963.68,65600.0,61,student,personal,aggressive,CRITICAL,Mumbai_Central,1
CUST10591,69685.27,54800.0,133,business_owner,business,moderate,MEDIUM,Ahmedabad_West,1
CUST10592,34313.15,93500.0,129,retired,personal,moderate,MEDIUM,Delhi_NCR,0
CUST10593,64567.4,254000.0,16,freelancer,credit_card,impulsive,HIGH,Mumbai_Central,1
CUST10594,59710.47,93900.0,29,salaried,home,moderate,LOW,Bangalore_Tech,0
CUST10595,39828.67,116800.0,100,salaried,credit_card,moderate,HIGH,Bangalore_Tech,1
CUST10596,68477.05,119800.0,161,self_employed,credit_card,moderate,MEDIUM,Jaipur_North,0
CUST10597,58322.17,229800.0,58,salaried,business,conservative,MEDIUM,Bangalore_Tech,0
CUST10598,54449.13,183500.0,19,self_employed,home,moderate,MEDIUM,Kolkata_East,0
CUST10599,56654.75,130000.0,71,freelancer,credit_card,moderate,MEDIUM,Bangalore_Tech,0
CUST10600,71705.41,156000.0,109,salaried,education,aggressive,LOW,Hyderabad_IT,0
CUST10601,14439.45,44700.0,20,retired,personal,conservative,LOW,Mumbai_Central,0
CUST10602,23702.83,17900.0,108,freelancer,personal,aggressive,HIGH,Kolkata_East,0
CUST10603,43086.75,171500.0,58,salaried,personal,conservative,LOW,Ahmedabad_West,0
CUST10604,24462.0,70100.0,153,retired,business,moderate,HIGH,Delhi_NCR,0
CUST10605,25466.15,60400.0,9,salaried,business,conservative,LOW,Hyderabad_IT,0
CUST10606,40195.44,141500.0,177,freelancer,education,conservative,HIGH,Lucknow_UP,0
CUST10607,68740.77,231400.0,168,salaried,personal,moderate,HIGH,Hyderabad_IT,1
CUST10608,58530.82,89000.0,24,salaried,auto,moderate,LOW,Bangalore_Tech,0
CUST10609,19393.65,59800.0,160,retired,home,moderate,HIGH,Kolkata_East,1
CUST10610,20628.46,71300.0,59,student,education,impulsive,MEDIUM,Pune_Main,1
CUST10611,20406.9,23800.0,167,retired,personal,aggressive,MEDIUM,Delhi_NCR,0
CUST10612,54078.51,110300.0,67,self_employed,education,moderate,LOW,Lucknow_UP,0
CUST10613,80491.51,44300.0,73,self_employed,education,aggressive,CRITICAL,Pune_Main,1
CUST10614,93318.59,98900.0,127,self_employed,personal,aggressive,LOW,Chennai_South,1
CUST10615,12133.77,33900.0,60,retired,business,moderate,MEDIUM,Delhi_NCR,0
CUST10616,57412.4,83800.0,38,self_employed,credit_card,impulsive,HIGH,Kolkata_East,1
CUST10617,67634.41,258200.0,89,self_employed,business,conservative,LOW,Kolkata_East,0
CUST10618,109253.29,295000.0,171,self_employed,auto,moderate,MEDIUM,Lucknow_UP,0
CUST10619,114881.01,382400.0,8,business_owner,home,conservative,LOW,Kolkata_East,1
CUST10620,34108.55,45900.0,172,retired,auto,moderate,CRITICAL,Ahmedabad_West,1
CUST10621,194681.48,455800.0,66,business_owner,business,aggressive,HIGH,Pune_Main,0
CUST10622,78325.3,152400.0,76,self_employed,personal,conservative,LOW,Chennai_South,0
CUST10623,11375.74,9200.0,99,self_employed,personal,conservative,LOW,Ahmedabad_West,0
CUST10624,29943.64,27900.0,119,retired,home,moderate,CRITICAL,Ahmedabad_West,0
CUST10625,40687.81,54600.0,76,freelancer,credit_card,moderate,LOW,Mumbai_Central,0
CUST10626,38539.48,121800.0,150,salaried,auto,moderate,CRITICAL,Jaipur_North,1
CUST10627,32846.13,73800.0,28,salaried,personal,conservative,LOW,Lucknow_UP,0
CUST10628,54038.83,119500.0,19,salaried,education,moderate,CRITICAL,Mumbai_Central,0
CUST10629,83407.27,132800.0,156,self_employed,auto,aggressive,HIGH,Ahmedabad_West,0
CUST10630,48192.96,149200.0,64,freelancer,personal,aggressive,HIGH,Mumbai_Central,1
CUST10631,63571.13,45700.0,94,salaried,business,moderate,MEDIUM,Bangalore_Tech,0
CUST10632,59456.25,72200.0,65,salaried,auto,conservative,LOW,Bangalore_Tech,0
CUST10633,110530.67,208400.0,51,self_employed,education,moderate,HIGH,Lucknow_UP,0
CUST10634,44654.85,92100.0,68,self_employed,home,conservative,LOW,Jaipur_North,0
CUST10635,91198.3,152100.0,132,self_employed,education,moderate,LOW,Bangalore_Tech,0
CUST10636,75374.37,240800.0,136,freelancer,credit_card,impulsive,MEDIUM,Bangalore_Tech,1
CUST10637,64875.89,106900.0,53,salaried,auto,aggressive,MEDIUM,Hyderabad_IT,1
CUST10638,75621.98,110400.0,39,salaried,personal,aggressive,HIGH,Delhi_NCR,1
CUST10639,38548.21,47800.0,74,salaried,home,conservative,MEDIUM,Ahmedabad_West,0
CUST10640,23267.5,68300.0,12,freelancer,home,conservative,LOW,Mumbai_Central,0
CUST10641,41558.27,64800.0,6,salaried,home,moderate,MEDIUM,Pune_Main,0
CUST10642,78689.04,239700.0,138,self_employed,credit_card,impulsive,HIGH,Delhi_NCR,1
CUST10643,72167.44,42300.0,126,self_employed,credit_card,conservative,LOW,Bangalore_Tech,0
CUST10644,47171.4,37600.0,88,salaried,credit_card,moderate,MEDIUM,Pune_Main,0
CUST10645,62603.16,227100.0,156,salaried,business,moderate,LOW,Hyderabad_IT,0
CUST10646,23832.82,88700.0,154,salaried,auto,conservative,MEDIUM,Lucknow_UP,0
CUST10647,107188.09,180100.0,35,business_owner,auto,conservative,LOW,Pune_Main,0
CUST10648,44274.05,100400.0,28,salaried,personal,aggressive,LOW,Kolkata_East,0
CUST10649,45851.49,31400.0,66,salaried,personal,aggressive,LOW,Chennai_South,0
CUST10650,51623.5,137200.0,148,salaried,business,aggressive,LOW,Ahmedabad_West,0
CUST10651,86305.17,310400.0,166,business_owner,personal,conservative,CRITICAL,Ahmedabad_West,0
CUST10652,81437.91,123400.0,142,self_employed,home,conservative,LOW,Chennai_South,0
CUST10653,67903.94,74800.0,15,salaried,auto,moderate,LOW,Delhi_NCR,0
CUST10654,35605.6,30200.0,4,retired,credit_card,conservative,LOW,Kolkata_East,0
CUST10655,29073.27,73100.0,34,student,credit_card,conservative,MEDIUM,Chennai_South,0
CUST10656,40369.3,64900.0,9,salaried,education,aggressive,MEDIUM,Delhi_NCR,0
CUST10657,69040.53,79000.0,13,salaried,education,aggressive,MEDIUM,Lucknow_UP,1
CUST10658,14936.78,20700.0,153,student,auto,moderate,HIGH,Bangalore_Tech,1
CUST10659,31008.0,103300.0,92,retired,credit_card,moderate,LOW,Mumbai_Central,0
CUST10660,67893.77,126100.0,112,salaried,home,aggressive,LOW,Kolkata_East,0
CUST10661,15399.01,44200.0,70,student,credit_card,moderate,CRITICAL,Mumbai_Central,1
CUST10662,65048.07,259600.0,85,salaried,business,conservative,LOW,Delhi_NCR,0
CUST10663,58023.16,222900.0,100,salaried,education,impulsive,MEDIUM,Chennai_South,1
CUST10664,64991.19,248100.0,6,self_employed,credit_card,conservative,MEDIUM,Jaipur_North,0
CUST10665,58477.63,78900.0,100,salaried,home,conservative,LOW,Mumbai_Central,0
CUST10666,37625.71,26400.0,169,salaried,home,moderate,HIGH,Mumbai_Central,1
CUST10667,29776.34,97800.0,132,salaried,personal,conservative,MEDIUM,Ahmedabad_West,0
CUST10668,55577.55,173700.0,179,salaried,education,moderate,MEDIUM,Lucknow_UP,1
CUST10669,177623.4,584800.0,160,business_owner,education,aggressive,MEDIUM,Delhi_NCR,1
CUST10670,89367.6,216600.0,161,business_owner,home,moderate,HIGH,Kolkata_East,1
CUST10671,54482.17,39100.0,151,salaried,personal,aggressive,LOW,Pune_Main,0
CUST10672,39553.28,44100.0,21,retired,credit_card,moderate,HIGH,Kolkata_East,0
CUST10673,78480.59,59900.0,57,salaried,home,moderate,HIGH,Lucknow_UP,0
CUST10674,53926.94,75000.0,151,salaried,personal,moderate,HIGH,Mumbai_Central,1
CUST10675,45350.13,51900.0,64,salaried,education,conservative,MEDIUM,Ahmedabad_West,0
CUST10676,66002.1,156700.0,8,self_employed,personal,moderate,LOW,Mumbai_Central,0
CUST10677,63730.08,140600.0,118,freelancer,education,impulsive,CRITICAL,Hyderabad_IT,1
CUST10678,30297.04,44700.0,133,salaried,home,moderate,CRITICAL,Chennai_South,0
CUST10679,85114.81,175900.0,57,self_employed,education,aggressive,LOW,Bangalore_Tech,0
CUST10680,53770.72,161000.0,89,salaried,personal,moderate,LOW,Mumbai_Central,0
CUST10681,163632.91,618800.0,44,business_owner,home,aggressive,MEDIUM,Bangalore_Tech,1
CUST10682,45618.51,132700.0,119,freelancer,business,aggressive,LOW,Kolkata_East,0
CUST10683,59221.33,113700.0,31,self_employed,personal,conservative,HIGH,Bangalore_Tech,0
CUST10684,73757.22,292500.0,90,self_employed,auto,moderate,LOW,Delhi_NCR,0
CUST10685,83979.11,305300.0,165,salaried,business,conservative,LOW,Delhi_NCR,0
CUST10686,41493.56,129800.0,105,salaried,education,conservative,LOW,Hyderabad_IT,0
CUST10687,84802.55,329400.0,169,self_employed,personal,moderate,HIGH,Pune_Main,0
CUST10688,43052.57,77600.0,37,retired,home,conservative,LOW,Chennai_South,0
CUST10689,85548.65,249400.0,158,self_employed,education,aggressive,LOW,Pune_Main,0
CUST10690,41968.91,129200.0,3,self_employed,personal,conservative,LOW,Lucknow_UP,0
CUST10691,68941.15,80900.0,148,salaried,home,moderate,CRITICAL,Lucknow_UP,0
CUST10692,100051.42,191900.0,121,self_employed,home,conservative,LOW,Hyderabad_IT,0
CUST10693,84801.01,335200.0,72,self_employed,home,conservative,MEDIUM,Chennai_South,0
CUST10694,58939.43,226100.0,9,self_employed,credit_card,conservative,LOW,Ahmedabad_West,0
CUST10695,27270.6,22200.0,71,retired,home,aggressive,LOW,Jaipur_North,0
CUST10696,35389.45,138600.0,170,salaried,business,impulsive,MEDIUM,Delhi_NCR,0
CUST10697,31031.92,70500.0,80,salaried,credit_card,aggressive,HIGH,Hyderabad_IT,1
CUST10698,104144.18,307800.0,173,business_owner,auto,conservative,LOW,Lucknow_UP,0
CUST10699,65775.87,64400.0,142,self_employed,credit_card,aggressive,HIGH,Bangalore_Tech,0
CUST10700,39122.51,82300.0,130,retired,credit_card,moderate,MEDIUM,Delhi_NCR,0
CUST10701,132471.68,221000.0,140,self_employed,home,moderate,HIGH,Bangalore_Tech,0
CUST10702,20851.78,23700.0,155,self_employed,education,moderate,LOW,Kolkata_East,0
CUST10703,53757.09,112500.0,168,salaried,home,conservative,MEDIUM,Hyderabad_IT,0
CUST10704,98733.85,222000.0,116,business_owner,credit_card,aggressive,LOW,Kolkata_East,1
CUST10705,29434.27,23500.0,66,retired,home,aggressive,MEDIUM,Lucknow_UP,1
CUST10706,74787.32,165300.0,61,self_employed,credit_card,moderate,MEDIUM,Kolkata_East,0
CUST10707,47661.84,45400.0,96,self_employed,home,aggressive,MEDIUM,Lucknow_UP,1
CUST10708,48906.36,90400.0,156,salaried,auto,impulsive,CRITICAL,Jaipur_North,1
CUST10709,11915.85,41700.0,66,student,credit_card,conservative,LOW,Bangalore_Tech,0
CUST10710,101481.76,174300.0,125,business_owner,personal,conservative,MEDIUM,Delhi_NCR,0
CUST10711,35193.1,49000.0,86,self_employed,auto,aggressive,HIGH,Delhi_NCR,1
CUST10712,57120.3,193500.0,161,salaried,home,aggressive,MEDIUM,Pune_Main,0
CUST10713,45032.52,105300.0,135,salaried,business,conservative,LOW,Lucknow_UP,0
CUST10714,170216.14,244900.0,125,business_owner,personal,moderate,LOW,Chennai_South,0
CUST10715,69188.04,207900.0,68,salaried,business,impulsive,HIGH,Hyderabad_IT,1
CUST10716,43098.93,163000.0,66,self_employed,business,moderate,MEDIUM,Chennai_South,0
CUST10717,58237.29,157700.0,48,salaried,home,conservative,LOW,Jaipur_North,0
CUST10718,113486.39,355900.0,111,self_employed,business,aggressive,HIGH,Chennai_South,1
CUST10719,66717.06,170600.0,158,salaried,business,aggressive,LOW,Chennai_South,0
CUST10720,71420.07,104300.0,74,salaried,credit_card,conservative,MEDIUM,Chennai_South,0
CUST10721,16330.77,47600.0,75,retired,credit_card,conservative,LOW,Mumbai_Central,0
CUST10722,22839.4,37700.0,55,salaried,home,moderate,LOW,Lucknow_UP,0
CUST10723,48512.41,165900.0,114,freelancer,education,conservative,HIGH,Mumbai_Central,0
CUST10724,47862.17,183700.0,47,salaried,home,conservative,MEDIUM,Mumbai_Central,0
CUST10725,53960.47,200900.0,61,salaried,personal,impulsive,MEDIUM,Delhi_NCR,0
CUST10726,62077.94,160000.0,45,salaried,credit_card,aggressive,LOW,Delhi_NCR,0
CUST10727,41755.52,21200.0,61,salaried,auto,impulsive,LOW,Kolkata_East,0
CUST10728,33910.35,43400.0,34,retired,education,moderate,MEDIUM,Mumbai_Central,0
CUST10729,38357.18,28700.0,82,self_employed,home,aggressive,LOW,Delhi_NCR,1
CUST10730,22128.81,18600.0,171,freelancer,home,conservative,MEDIUM,Hyderabad_IT,0
CUST10731,63124.69,79800.0,92,salaried,credit_card,conservative,LOW,Mumbai_Central,0
CUST10732,39741.59,157800.0,61,retired,personal,conservative,MEDIUM,Delhi_NCR,0
CUST10733,58819.0,56500.0,125,salaried,credit_card,impulsive,MEDIUM,Pune_Main,0
CUST10734,43995.16,89400.0,108,self_employed,home,moderate,HIGH,Mumbai_Central,1
CUST10735,24725.98,33100.0,148,student,personal,moderate,MEDIUM,Jaipur_North,0
CUST10736,48279.49,77500.0,6,salaried,home,aggressive,MEDIUM,Pune_Main,0
CUST10737,39929.54,135000.0,64,salaried,home,conservative,LOW,Hyderabad_IT,0
CUST10738,51335.79,172900.0,99,salaried,education,impulsive,MEDIUM,Bangalore_Tech,0
CUST10739,33474.37,75700.0,161,retired,credit_card,aggressive,LOW,Jaipur_North,0
CUST10740,57404.75,71500.0,32,salaried,personal,aggressive,LOW,Lucknow_UP,0
CUST10741,113217.04,222600.0,46,self_employed,auto,moderate,HIGH,Kolkata_East,0
CUST10742,73941.14,240500.0,108,salaried,education,conservative,LOW,Lucknow_UP,0
CUST10743,62535.79,69300.0,73,freelancer,business,moderate,MEDIUM,Hyderabad_IT,0
CUST10744,69797.17,234300.0,51,self_employed,home,moderate,HIGH,Mumbai_Central,0
CUST10745,48161.78,66000.0,48,freelancer,education,impulsive,HIGH,Hyderabad_IT,1
CUST10746,24772.25,27400.0,113,salaried,personal,moderate,HIGH,Delhi_NCR,0
CUST10747,24756.98,87200.0,74,retired,auto,moderate,HIGH,Kolkata_East,0
CUST10748,10135.03,23700.0,35,student,auto,conservative,MEDIUM,Chennai_South,0
CUST10749,84733.43,111500.0,14,freelancer,credit_card,aggressive,MEDIUM,Lucknow_UP,0
CUST10750,107717.67,151200.0,25,business_owner,personal,aggressive,MEDIUM,Pune_Main,1
CUST10751,73011.38,196700.0,156,salaried,personal,moderate,CRITICAL,Mumbai_Central,0
CUST10752,189943.04,484700.0,159,business_owner,home,moderate,LOW,Hyderabad_IT,0
CUST10753,26874.14,57000.0,144,retired,business,moderate,CRITICAL,Delhi_NCR,1
CUST10754,43005.55,115300.0,11,salaried,education,moderate,HIGH,Pune_Main,0
CUST10755,28018.29,105600.0,122,retired,auto,impulsive,HIGH,Hyderabad_IT,0
CUST10756,105357.38,211200.0,69,self_employed,auto,moderate,CRITICAL,Jaipur_North,0
CUST10757,62258.21,200400.0,14,freelancer,credit_card,aggressive,MEDIUM,Jaipur_North,1
CUST10758,77065.52,223200.0,62,salaried,home,conservative,LOW,Jaipur_North,0
CUST10759,44507.57,159200.0,68,salaried,business,impulsive,MEDIUM,Delhi_NCR,0
CUST10760,77787.4,283700.0,67,self_employed,credit_card,moderate,LOW,Lucknow_UP,0
CUST10761,41715.07,96800.0,125,salaried,home,conservative,MEDIUM,Bangalore_Tech,0
CUST10762,46750.75,112100.0,71,salaried,auto,impulsive,CRITICAL,Mumbai_Central,1
CUST10763,85246.29,330500.0,33,self_employed,auto,conservative,CRITICAL,Kolkata_East,0
CUST10764,56833.6,96400.0,63,salaried,business,impulsive,HIGH,Bangalore_Tech,1
CUST10765,97830.82,221200.0,69,business_owner,personal,aggressive,MEDIUM,Mumbai_Central,0
CUST10766,59364.21,62300.0,24,salaried,credit_card,impulsive,LOW,Jaipur_North,0
CUST10767,37662.72,126600.0,163,retired,home,impulsive,HIGH,Bangalore_Tech,1
CUST10768,65871.93,229700.0,114,self_employed,education,aggressive,LOW,Jaipur_North,0
CUST10769,42602.27,23700.0,17,salaried,education,moderate,CRITICAL,Mumbai_Central,0
CUST10770,151246.95,538100.0,62,business_owner,auto,conservative,MEDIUM,Lucknow_UP,0
CUST10771,25672.32,81000.0,147,freelancer,personal,conservative,MEDIUM,Mumbai_Central,0
CUST10772,131996.29,434100.0,35,self_employed,home,moderate,HIGH,Jaipur_North,1
CUST10773,67899.72,150900.0,122,salaried,credit_card,moderate,LOW,Pune_Main,0
CUST10774,51015.93,195000.0,129,salaried,personal,moderate,LOW,Kolkata_East,0
CUST10775,49001.83,117800.0,23,salaried,home,moderate,LOW,Bangalore_Tech,0
CUST10776,54839.83,80400.0,63,salaried,business,aggressive,LOW,Delhi_NCR,0
CUST10777,36081.55,54200.0,47,self_employed,home,aggressive,CRITICAL,Lucknow_UP,1
CUST10778,22257.26,75100.0,31,retired,home,moderate,LOW,Mumbai_Central,0
CUST10779,84017.93,110900.0,93,self_employed,personal,conservative,MEDIUM,Bangalore_Tech,0
CUST10780,93087.72,261200.0,160,self_employed,credit_card,impulsive,HIGH,Delhi_NCR,1
CUST10781,43734.42,150000.0,89,self_employed,auto,aggressive,MEDIUM,Chennai_South,0
CUST10782,51998.96,83100.0,52,salaried,business,moderate,MEDIUM,Kolkata_East,0
CUST10783,31994.92,75700.0,138,retired,credit_card,moderate,CRITICAL,Chennai_South,0
CUST10784,55381.24,61300.0,77,freelancer,personal,aggressive,MEDIUM,Chennai_South,0
CUST10785,25450.51,101400.0,118,freelancer,education,aggressive,MEDIUM,Pune_Main,0
CUST10786,16762.97,41600.0,83,freelancer,auto,moderate,LOW,Pune_Main,0
CUST10787,28089.9,15000.0,145,retired,credit_card,impulsive,MEDIUM,Mumbai_Central,1
CUST10788,63749.63,85700.0,29,self_employed,home,conservative,LOW,Ahmedabad_West,0
CUST10789,84711.57,232900.0,26,business_owner,personal,aggressive,CRITICAL,Pune_Main,1
CUST10790,23825.82,88600.0,95,retired,home,aggressive,LOW,Pune_Main,0
CUST10791,79142.81,258100.0,55,salaried,education,aggressive,HIGH,Bangalore_Tech,0
CUST10792,36360.01,64800.0,9,freelancer,education,moderate,LOW,Kolkata_East,0
CUST10793,79447.08,69100.0,134,self_employed,home,moderate,LOW,Pune_Main,0
CUST10794,8000.0,4100.0,150,self_employed,auto,moderate,LOW,Ahmedabad_West,0
CUST10795,44038.5,159800.0,60,retired,personal,impulsive,HIGH,Delhi_NCR,1
CUST10796,137895.76,416500.0,82,business_owner,auto,conservative,LOW,Ahmedabad_West,0
CUST10797,47481.49,88300.0,163,salaried,home,conservative,MEDIUM,Delhi_NCR,0
CUST10798,30025.18,118100.0,4,retired,personal,conservative,MEDIUM,Pune_Main,1
CUST10799,100749.76,345000.0,99,self_employed,business,impulsive,HIGH,Ahmedabad_West,1
CUST10800,24161.8,44500.0,19,retired,business,moderate,LOW,Ahmedabad_West,0
CUST10801,15074.1,31400.0,56,student,education,conservative,HIGH,Pune_Main,0
CUST10802,24754.5,75200.0,10,retired,auto,moderate,HIGH,Delhi_NCR,0
CUST10803,40285.78,74100.0,42,freelancer,home,moderate,LOW,Mumbai_Central,0
CUST10804,44103.92,70900.0,151,retired,home,moderate,LOW,Chennai_South,0
CUST10805,53130.28,153900.0,22,salaried,personal,aggressive,LOW,Ahmedabad_West,0
CUST10806,53277.97,113700.0,120,salaried,education,conservative,MEDIUM,Kolkata_East,1
CUST10807,84169.29,69900.0,32,self_employed,education,conservative,MEDIUM,Ahmedabad_West,0
CUST10808,71864.28,238600.0,77,salaried,personal,aggressive,HIGH,Lucknow_UP,1
CUST10809,73561.22,38700.0,57,freelancer,home,moderate,LOW,Lucknow_UP,0
CUST10810,86667.65,247700.0,143,self_employed,credit_card,conservative,LOW,Pune_Main,0
CUST10811,117495.37,205500.0,142,business_owner,credit_card,conservative,MEDIUM,Jaipur_North,0
CUST10812,79169.44,185300.0,124,salaried,auto,aggressive,MEDIUM,Hyderabad_IT,1
CUST10813,158637.72,373600.0,168,business_owner,auto,conservative,LOW,Kolkata_East,0
CUST10814,42370.09,82500.0,44,salaried,education,aggressive,MEDIUM,Ahmedabad_West,0
CUST10815,73319.7,256600.0,116,self_employed,education,aggressive,HIGH,Mumbai_Central,0
CUST10816,102639.53,199900.0,78,business_owner,personal,conservative,LOW,Jaipur_North,0
CUST10817,55310.33,199200.0,8,salaried,home,aggressive,HIGH,Bangalore_Tech,1
CUST10818,48441.89,50800.0,92,salaried,education,impulsive,MEDIUM,Hyderabad_IT,1
CUST10819,12484.37,17300.0,72,freelancer,auto,moderate,LOW,Bangalore_Tech,0
CUST10820,50661.22,29100.0,41,business_owner,credit_card,aggressive,LOW,Pune_Main,0
CUST10821,16107.47,43100.0,174,student,home,moderate,LOW,Pune_Main,0
CUST10822,8000.0,29400.0,168,student,education,conservative,LOW,Pune_Main,0
CUST10823,11471.13,33500.0,148,student,credit_card,impulsive,HIGH,Mumbai_Central,0
CUST10824,65575.38,181400.0,103,freelancer,personal,impulsive,CRITICAL,Ahmedabad_West,1
CUST10825,82542.13,257800.0,66,self_employed,auto,aggressive,MEDIUM,Hyderabad_IT,0
CUST10826,54136.69,185600.0,73,salaried,business,conservative,LOW,Kolkata_East,0
CUST10827,28697.63,111400.0,129,salaried,home,conservative,LOW,Mumbai_Central,0
CUST10828,15954.97,54900.0,143,student,auto,conservative,LOW,Lucknow_UP,0
CUST10829,15212.74,18600.0,130,student,business,impulsive,LOW,Pune_Main,0
CUST10830,80385.97,216700.0,169,salaried,credit_card,moderate,CRITICAL,Chennai_South,1
CUST10831,16322.83,9600.0,79,student,credit_card,aggressive,LOW,Pune_Main,0
CUST10832,49908.41,63500.0,109,salaried,home,impulsive,HIGH,Delhi_NCR,1
CUST10833,89978.82,350600.0,32,business_owner,personal,moderate,LOW,Jaipur_North,0
CUST10834,74084.36,229900.0,103,business_owner,education,aggressive,LOW,Mumbai_Central,0
CUST10835,66418.96,210100.0,112,salaried,credit_card,aggressive,LOW,Bangalore_Tech,0
CUST10836,11169.4,12800.0,166,student,business,moderate,LOW,Bangalore_Tech,0
CUST10837,38079.06,106500.0,169,salaried,education,moderate,HIGH,Mumbai_Central,0
CUST10838,61900.82,89600.0,21,salaried,personal,moderate,MEDIUM,Pune_Main,0
CUST10839,49530.11,39800.0,93,freelancer,credit_card,aggressive,MEDIUM,Mumbai_Central,0
CUST10840,43913.61,49200.0,115,salaried,business,aggressive,MEDIUM,Delhi_NCR,0
CUST10841,35710.67,32500.0,179,salaried,credit_card,conservative,MEDIUM,Jaipur_North,0
CUST10842,15517.8,33500.0,45,student,auto,conservative,HIGH,Lucknow_UP,0
CUST10843,60806.06,42600.0,107,business_owner,personal,aggressive,MEDIUM,Lucknow_UP,0
CUST10844,58633.7,163100.0,48,salaried,education,aggressive,HIGH,Lucknow_UP,1
CUST10845,14631.19,42800.0,141,retired,education,moderate,MEDIUM,Bangalore_Tech,0
CUST10846,68088.87,179300.0,17,self_employed,auto,conservative,MEDIUM,Hyderabad_IT,0
CUST10847,23956.93,34400.0,140,retired,business,moderate,HIGH,Jaipur_North,1
CUST10848,22273.74,29800.0,168,retired,business,moderate,LOW,Lucknow_UP,0
CUST10849,34228.53,84200.0,150,freelancer,credit_card,moderate,HIGH,Kolkata_East,0
CUST10850,74441.25,110000.0,26,salaried,education,moderate,HIGH,Kolkata_East,0
CUST10851,26264.46,71400.0,67,retired,personal,conservative,LOW,Delhi_NCR,0
CUST10852,97613.3,185800.0,140,salaried,auto,conservative,LOW,Lucknow_UP,0
CUST10853,79505.52,228200.0,162,salaried,home,aggressive,MEDIUM,Delhi_NCR,0
CUST10854,31148.1,48800.0,24,self_employed,home,conservative,LOW,Mumbai_Central,0
CUST10855,74105.21,106300.0,139,freelancer,personal,conservative,LOW,Hyderabad_IT,0
CUST10856,62135.44,84100.0,117,salaried,credit_card,moderate,MEDIUM,Kolkata_East,0
CUST10857,23587.41,47100.0,64,retired,credit_card,moderate,LOW,Mumbai_Central,0
CUST10858,28674.24,15400.0,39,retired,education,moderate,LOW,Jaipur_North,0
CUST10859,54870.18,198100.0,60,salaried,auto,moderate,LOW,Jaipur_North,0
CUST10860,117136.66,466300.0,17,business_owner,auto,aggressive,LOW,Jaipur_North,0
CUST10861,67631.57,60800.0,58,freelancer,education,moderate,MEDIUM,Jaipur_North,1
CUST10862,44137.21,114500.0,171,salaried,business,moderate,LOW,Lucknow_UP,0
CUST10863,14711.57,19300.0,30,student,education,impulsive,MEDIUM,Hyderabad_IT,0
CUST10864,102833.04,56800.0,169,business_owner,home,moderate,MEDIUM,Mumbai_Central,0
CUST10865,79593.98,180000.0,140,self_employed,personal,moderate,HIGH,Pune_Main,1
CUST10866,31340.56,106300.0,3,retired,credit_card,moderate,LOW,Mumbai_Central,0
CUST10867,72433.89,289300.0,144,salaried,auto,conservative,LOW,Lucknow_UP,0
CUST10868,106562.14,358400.0,32,self_employed,personal,impulsive,HIGH,Bangalore_Tech,0
CUST10869,31436.66,71700.0,133,retired,personal,conservative,HIGH,Hyderabad_IT,1
CUST10870,81155.05,314900.0,108,self_employed,education,conservative,LOW,Mumbai_Central,0
CUST10871,70477.04,265000.0,48,self_employed,credit_card,conservative,HIGH,Pune_Main,0
CUST10872,77758.57,117500.0,76,self_employed,home,moderate,MEDIUM,Lucknow_UP,0
CUST10873,52069.68,86400.0,72,self_employed,business,aggressive,LOW,Bangalore_Tech,0
CUST10874,71381.54,104400.0,24,salaried,personal,impulsive,LOW,Delhi_NCR,0
CUST10875,18188.29,24000.0,146,retired,personal,conservative,LOW,Delhi_NCR,0
CUST10876,48414.62,79900.0,170,self_employed,home,conservative,LOW,Chennai_South,0
CUST10877,69562.75,84900.0,140,freelancer,auto,moderate,MEDIUM,Hyderabad_IT,0
CUST10878,54075.73,151800.0,22,salaried,business,moderate,MEDIUM,Pune_Main,0
CUST10879,100726.26,89700.0,27,self_employed,credit_card,conservative,LOW,Delhi_NCR,0
CUST10880,40511.08,128800.0,144,retired,auto,moderate,LOW,Jaipur_North,1
CUST10881,86104.81,168400.0,177,self_employed,business,impulsive,MEDIUM,Bangalore_Tech,1
CUST10882,75380.52,146400.0,86,self_employed,education,impulsive,MEDIUM,Bangalore_Tech,1
CUST10883,89163.78,249400.0,50,self_employed,home,moderate,LOW,Hyderabad_IT,0
CUST10884,70588.27,48500.0,30,business_owner,credit_card,moderate,LOW,Pune_Main,0
CUST10885,71049.46,112600.0,127,self_employed,education,aggressive,HIGH,Mumbai_Central,0
CUST10886,37532.63,134700.0,10,freelancer,education,conservative,LOW,Delhi_NCR,0
CUST10887,57495.05,207300.0,179,self_employed,business,moderate,MEDIUM,Mumbai_Central,0
CUST10888,83219.37,228600.0,47,self_employed,business,conservative,MEDIUM,Kolkata_East,0
CUST10889,53246.9,40700.0,174,salaried,auto,moderate,MEDIUM,Jaipur_North,0
CUST10890,79689.96,181700.0,75,self_employed,home,aggressive,LOW,Jaipur_North,0
CUST10891,42597.03,85300.0,178,salaried,credit_card,moderate,LOW,Bangalore_Tech,0
CUST10892,40628.03,43000.0,12,retired,personal,impulsive,HIGH,Kolkata_East,1
CUST10893,78546.55,49900.0,59,business_owner,credit_card,conservative,MEDIUM,Delhi_NCR,0
CUST10894,32394.02,44400.0,25,retired,auto,conservative,MEDIUM,Chennai_South,1
CUST10895,44824.57,164000.0,102,salaried,personal,conservative,LOW,Pune_Main,0
CUST10896,17307.12,38500.0,166,student,auto,conservative,LOW,Jaipur_North,0
CUST10897,74514.12,190000.0,142,salaried,business,moderate,MEDIUM,Pune_Main,0
CUST10898,18003.94,40900.0,101,student,education,conservative,LOW,Mumbai_Central,0
CUST10899,14042.53,13700.0,107,freelancer,auto,moderate,HIGH,Delhi_NCR,0
CUST10900,43861.76,145200.0,146,self_employed,home,conservative,HIGH,Ahmedabad_West,0
CUST10901,69343.48,116700.0,76,self_employed,auto,moderate,LOW,Kolkata_East,0
CUST10902,119393.4,90800.0,130,self_employed,personal,moderate,LOW,Mumbai_Central,0
CUST10903,76650.59,40700.0,126,business_owner,auto,conservative,LOW,Ahmedabad_West,0
CUST10904,47626.92,30100.0,67,business_owner,personal,impulsive,CRITICAL,Lucknow_UP,1
CUST10905,128056.0,438500.0,106,business_owner,education,conservative,HIGH,Chennai_South,0
CUST10906,14264.51,40300.0,158,student,business,moderate,CRITICAL,Chennai_South,1
CUST10907,14209.88,27400.0,70,retired,personal,conservative,HIGH,Kolkata_East,0
CUST10908,154279.85,143300.0,163,business_owner,business,moderate,HIGH,Mumbai_Central,1
CUST10909,73780.46,81400.0,74,self_employed,business,aggressive,CRITICAL,Kolkata_East,1
CUST10910,62224.14,174000.0,36,freelancer,personal,moderate,MEDIUM,Delhi_NCR,0
CUST10911,149675.51,541700.0,34,business_owner,education,moderate,LOW,Delhi_NCR,0
CUST10912,66796.09,154600.0,103,salaried,education,moderate,LOW,Pune_Main,0
CUST10913,46606.81,164300.0,125,salaried,credit_card,moderate,MEDIUM,Ahmedabad_West,0
CUST10914,42753.96,156800.0,151,salaried,auto,aggressive,LOW,Lucknow_UP,1
CUST10915,69003.76,149500.0,159,salaried,personal,impulsive,MEDIUM,Bangalore_Tech,0
CUST10916,87348.08,113400.0,179,self_employed,business,impulsive,HIGH,Lucknow_UP,1
CUST10917,35732.71,32000.0,105,retired,auto,aggressive,HIGH,Kolkata_East,0
CUST10918,52140.31,74400.0,105,salaried,home,aggressive,MEDIUM,Hyderabad_IT,0
CUST10919,32165.11,121200.0,33,salaried,education,conservative,LOW,Lucknow_UP,0
CUST10920,13642.82,12000.0,81,student,business,conservative,LOW,Lucknow_UP,0
CUST10921,31542.46,123100.0,48,retired,home,aggressive,LOW,Mumbai_Central,0
CUST10922,71459.26,120400.0,16,self_employed,home,moderate,MEDIUM,Jaipur_North,0
CUST10923,54903.53,184900.0,157,self_employed,credit_card,impulsive,HIGH,Hyderabad_IT,0
CUST10924,96437.88,105300.0,52,salaried,business,moderate,MEDIUM,Hyderabad_IT,0
CUST10925,57855.5,108900.0,23,business_owner,credit_card,conservative,CRITICAL,Jaipur_North,1
CUST10926,63512.33,31800.0,177,salaried,auto,aggressive,LOW,Pune_Main,0
CUST10927,44156.63,91000.0,66,self_employed,home,impulsive,MEDIUM,Lucknow_UP,0
CUST10928,25407.34,80100.0,156,retired,credit_card,moderate,MEDIUM,Mumbai_Central,0
CUST10929,62971.86,213300.0,179,self_employed,personal,aggressive,CRITICAL,Chennai_South,1
CUST10930,11392.75,31300.0,149,student,education,moderate,HIGH,Pune_Main,1
CUST10931,123139.56,117200.0,19,business_owner,personal,moderate,LOW,Bangalore_Tech,0
CUST10932,52435.43,100100.0,141,salaried,education,conservative,MEDIUM,Hyderabad_IT,0
CUST10933,193209.53,754300.0,90,business_owner,personal,moderate,LOW,Hyderabad_IT,0
CUST10934,32630.2,40100.0,63,salaried,home,aggressive,HIGH,Jaipur_North,0
CUST10935,79752.55,55600.0,6,salaried,auto,conservative,MEDIUM,Bangalore_Tech,0
CUST10936,147149.7,277700.0,77,business_owner,business,aggressive,MEDIUM,Delhi_NCR,0
CUST10937,71284.64,153100.0,39,self_employed,business,aggressive,CRITICAL,Mumbai_Central,1
CUST10938,58358.79,65100.0,65,salaried,education,aggressive,HIGH,Mumbai_Central,1
CUST10939,98758.52,184200.0,139,business_owner,credit_card,conservative,LOW,Pune_Main,0
CUST10940,53607.81,82800.0,143,self_employed,auto,conservative,LOW,Kolkata_East,0
CUST10941,29359.01,59000.0,33,salaried,personal,conservative,MEDIUM,Mumbai_Central,0
CUST10942,48978.62,55900.0,109,salaried,auto,moderate,MEDIUM,Mumbai_Central,0
CUST10943,31696.29,92000.0,25,retired,business,conservative,MEDIUM,Hyderabad_IT,0
CUST10944,80145.08,179100.0,169,self_employed,home,moderate,LOW,Bangalore_Tech,0
CUST10945,135536.87,188300.0,84,self_employed,auto,aggressive,MEDIUM,Bangalore_Tech,0
CUST10946,51933.08,138000.0,30,salaried,credit_card,moderate,LOW,Bangalore_Tech,0
CUST10947,65911.31,117800.0,25,self_employed,home,conservative,MEDIUM,Mumbai_Central,0
CUST10948,55832.37,32400.0,163,self_employed,education,impulsive,MEDIUM,Lucknow_UP,0
CUST10949,33003.57,68600.0,178,freelancer,auto,aggressive,CRITICAL,Kolkata_East,1
CUST10950,151358.71,137300.0,40,business_owner,auto,moderate,MEDIUM,Jaipur_North,0
CUST10951,35977.85,54600.0,176,salaried,personal,impulsive,MEDIUM,Hyderabad_IT,0
CUST10952,64307.01,116200.0,57,self_employed,auto,moderate,HIGH,Hyderabad_IT,0
CUST10953,148619.72,225900.0,33,business_owner,personal,moderate,LOW,Mumbai_Central,0
CUST10954,66200.82,112600.0,143,self_employed,personal,conservative,LOW,Pune_Main,0
CUST10955,96503.6,373000.0,154,self_employed,business,moderate,HIGH,Kolkata_East,1
CUST10956,145835.62,350000.0,40,business_owner,home,aggressive,LOW,Lucknow_UP,0
CUST10957,9504.78,18600.0,35,student,education,moderate,MEDIUM,Chennai_South,0
CUST10958,17158.36,41600.0,117,self_employed,home,aggressive,HIGH,Jaipur_North,1
CUST10959,113909.45,439300.0,154,business_owner,personal,impulsive,HIGH,Pune_Main,1
CUST10960,55016.65,189300.0,74,salaried,home,aggressive,HIGH,Chennai_South,1
CUST10961,31389.15,36800.0,72,self_employed,personal,conservative,CRITICAL,Jaipur_North,1
CUST10962,62963.41,239900.0,10,salaried,personal,moderate,MEDIUM,Chennai_South,0
CUST10963,91453.48,106100.0,112,self_employed,auto,moderate,MEDIUM,Chennai_South,0
CUST10964,55037.53,199800.0,88,salaried,home,impulsive,CRITICAL,Delhi_NCR,1
CUST10965,24045.33,64400.0,66,student,business,aggressive,LOW,Bangalore_Tech,0
CUST10966,138126.54,410100.0,11,business_owner,personal,aggressive,LOW,Jaipur_North,0
CUST10967,49663.59,109900.0,127,freelancer,auto,moderate,LOW,Mumbai_Central,0
CUST10968,61524.12,186900.0,138,salaried,auto,impulsive,CRITICAL,Lucknow_UP,1
CUST10969,13030.07,19300.0,119,student,personal,aggressive,LOW,Pune_Main,0
CUST10970,33485.86,120000.0,65,retired,personal,aggressive,MEDIUM,Hyderabad_IT,1
CUST10971,83944.68,53500.0,66,self_employed,auto,moderate,LOW,Jaipur_North,0
CUST10972,45532.92,139000.0,139,salaried,personal,moderate,MEDIUM,Pune_Main,0
CUST10973,32184.3,100700.0,48,retired,auto,moderate,MEDIUM,Chennai_South,0
CUST10974,115568.34,309900.0,18,business_owner,personal,conservative,LOW,Pune_Main,0
CUST10975,62712.76,78100.0,120,self_employed,education,aggressive,MEDIUM,Mumbai_Central,0
CUST10976,44282.56,45000.0,14,salaried,education,conservative,MEDIUM,Chennai_South,0
CUST10977,126133.79,273600.0,71,business_owner,credit_card,moderate,LOW,Mumbai_Central,0
CUST10978,53652.83,163300.0,79,salaried,credit_card,aggressive,MEDIUM,Ahmedabad_West,1
CUST10979,70820.48,163700.0,159,self_employed,credit_card,moderate,HIGH,Mumbai_Central,0
CUST10980,55739.92,147800.0,105,salaried,home,moderate,LOW,Mumbai_Central,0
CUST10981,148897.88,449100.0,149,business_owner,auto,moderate,HIGH,Bangalore_Tech,0
CUST10982,115646.32,399800.0,7,business_owner,credit_card,impulsive,HIGH,Kolkata_East,1
CUST10983,43332.08,29100.0,97,self_employed,personal,conservative,MEDIUM,Chennai_South,0
CUST10984,29525.95,74900.0,111,salaried,credit_card,conservative,MEDIUM,Delhi_NCR,1
CUST10985,100646.89,378200.0,42,business_owner,business,conservative,HIGH,Kolkata_East,0
CUST10986,71803.83,168500.0,82,self_employed,business,conservative,MEDIUM,Chennai_South,1
CUST10987,35905.9,44200.0,114,retired,education,aggressive,LOW,Chennai_South,0
CUST10988,40877.88,27100.0,78,salaried,personal,conservative,LOW,Bangalore_Tech,0
CUST10989,23656.45,47000.0,20,salaried,business,conservative,LOW,Pune_Main,0
CUST10990,43572.63,81500.0,19,salaried,home,aggressive,MEDIUM,Hyderabad_IT,1
CUST10991,75259.18,64700.0,31,self_employed,business,aggressive,MEDIUM,Mumbai_Central,0
CUST10992,65538.26,204700.0,74,salaried,education,moderate,CRITICAL,Jaipur_North,1
CUST10993,173706.8,261200.0,143,business_owner,credit_card,conservative,HIGH,Chennai_South,0
CUST10994,60895.5,121900.0,30,business_owner,business,aggressive,HIGH,Hyderabad_IT,0
CUST10995,58864.01,77600.0,171,salaried,home,conservative,LOW,Chennai_South,0
CUST10996,65868.88,92200.0,62,salaried,home,conservative,LOW,Mumbai_Central,0
CUST10997,81212.14,143600.0,169,self_employed,credit_card,moderate,MEDIUM,Pune_Main,0
CUST10998,109485.95,227800.0,63,self_employed,education,aggressive,CRITICAL,Jaipur_North,1
CUST10999,54706.01,104900.0,177,self_employed,personal,conservative,LOW,Delhi_NCR,0
CUST11000,82764.59,293100.0,165,business_owner,auto,moderate,MEDIUM,Pune_Main,0
CUST11001,181097.18,624500.0,47,business_owner,education,conservative,LOW,Jaipur_North,0
CUST11002,69720.76,107000.0,114,salaried,credit_card,moderate,MEDIUM,Ahmedabad_West,0
CUST11003,65041.24,77300.0,174,salaried,personal,conservative,LOW,Hyderabad_IT,0
CUST11004,62922.64,248300.0,137,self_employed,personal,conservative,MEDIUM,Ahmedabad_West,1
CUST11005,19733.68,46900.0,152,retired,education,moderate,MEDIUM,Jaipur_North,0
CUST11006,54050.89,131000.0,146,salaried,auto,impulsive,CRITICAL,Pune_Main,1
CUST11007,45103.77,85700.0,118,salaried,credit_card,conservative,MEDIUM,Hyderabad_IT,0
CUST11008,32896.86,63400.0,79,self_employed,education,moderate,HIGH,Mumbai_Central,1
CUST11009,8000.0,7600.0,49,student,auto,aggressive,LOW,Ahmedabad_West,0
CUST11010,54214.94,27600.0,95,self_employed,education,conservative,LOW,Hyderabad_IT,0
CUST11011,122101.05,365400.0,38,business_owner,auto,conservative,HIGH,Mumbai_Central,1
CUST11012,43462.01,36200.0,122,salaried,business,aggressive,LOW,Mumbai_Central,1
CUST11013,58662.44,134000.0,26,salaried,home,moderate,LOW,Hyderabad_IT,0
CUST11014,26902.01,26700.0,57,retired,auto,moderate,HIGH,Pune_Main,0
CUST11015,9512.8,6900.0,133,student,business,moderate,LOW,Pune_Main,0
CUST11016,33834.36,47900.0,57,retired,credit_card,impulsive,MEDIUM,Lucknow_UP,0
CUST11017,22298.34,29400.0,124,student,auto,conservative,LOW,Kolkata_East,0
CUST11018,56701.84,173600.0,93,salaried,auto,aggressive,LOW,Ahmedabad_West,0
CUST11019,57787.56,126500.0,63,salaried,business,moderate,HIGH,Ahmedabad_West,1
CUST11020,20472.67,29900.0,133,retired,auto,moderate,LOW,Bangalore_Tech,0
CUST11021,65180.92,193500.0,141,salaried,credit_card,aggressive,LOW,Mumbai_Central,0
CUST11022,8000.0,25200.0,80,student,education,conservative,LOW,Mumbai_Central,0
CUST11023,159138.31,202800.0,136,business_owner,business,aggressive,HIGH,Lucknow_UP,0
CUST11024,31800.33,53300.0,117,freelancer,business,moderate,MEDIUM,Pune_Main,0
CUST11025,23798.66,30900.0,110,retired,home,moderate,HIGH,Delhi_NCR,1
CUST11026,57666.67,48800.0,14,salaried,personal,conservative,LOW,Mumbai_Central,0
CUST11027,51460.67,33100.0,64,salaried,credit_card,aggressive,MEDIUM,Delhi_NCR,0
CUST11028,57411.8,51400.0,65,self_employed,credit_card,aggressive,CRITICAL,Mumbai_Central,1
CUST11029,113569.93,129600.0,41,self_employed,education,moderate,LOW,Bangalore_Tech,0
CUST11030,85786.16,88900.0,86,self_employed,home,conservative,MEDIUM,Kolkata_East,0
CUST11031,66278.37,129400.0,89,self_employed,personal,aggressive,MEDIUM,Hyderabad_IT,0
CUST11032,129881.31,488200.0,116,business_owner,education,impulsive,CRITICAL,Jaipur_North,1
CUST11033,189253.73,532300.0,70,business_owner,business,impulsive,LOW,Hyderabad_IT,0
CUST11034,78492.6,76200.0,76,self_employed,credit_card,moderate,CRITICAL,Mumbai_Central,0
CUST11035,32477.04,108000.0,70,salaried,education,aggressive,LOW,Kolkata_East,1
CUST11036,8296.89,22300.0,173,student,home,aggressive,LOW,Mumbai_Central,0
CUST11037,62013.99,102900.0,149,self_employed,business,aggressive,LOW,Jaipur_North,0
CUST11038,30012.25,42600.0,100,freelancer,personal,aggressive,LOW,Pune_Main,0
CUST11039,107627.5,232900.0,70,business_owner,credit_card,aggressive,LOW,Jaipur_North,0
CUST11040,159150.44,311000.0,64,business_owner,personal,moderate,LOW,Chennai_South,0
CUST11041,51251.08,80100.0,53,salaried,home,impulsive,MEDIUM,Bangalore_Tech,0
CUST11042,63585.78,117500.0,21,salaried,home,moderate,HIGH,Jaipur_North,0
CUST11043,48485.76,105900.0,97,self_employed,auto,moderate,LOW,Delhi_NCR,0
CUST11044,22665.02,27100.0,131,student,personal,conservative,HIGH,Delhi_NCR,0
CUST11045,73191.06,51000.0,85,salaried,credit_card,aggressive,LOW,Chennai_South,0
CUST11046,55187.57,67100.0,33,salaried,education,moderate,LOW,Hyderabad_IT,0
CUST11047,76520.14,128000.0,159,self_employed,auto,conservative,LOW,Hyderabad_IT,0
CUST11048,76137.68,154000.0,130,salaried,education,impulsive,CRITICAL,Kolkata_East,1
CUST11049,35251.44,19600.0,28,freelancer,auto,moderate,LOW,Lucknow_UP,0
CUST11050,16546.57,54900.0,27,student,home,conservative,LOW,Hyderabad_IT,0
CUST11051,74087.18,38200.0,95,self_employed,business,moderate,MEDIUM,Chennai_South,0
CUST11052,55788.04,57700.0,26,freelancer,home,aggressive,MEDIUM,Hyderabad_IT,0
CUST11053,168911.95,297200.0,37,business_owner,education,aggressive,LOW,Kolkata_East,0
CUST11054,8656.54,30400.0,130,student,credit_card,conservative,MEDIUM,Ahmedabad_West,1
CUST11055,114664.93,248400.0,76,self_employed,education,impulsive,MEDIUM,Bangalore_Tech,0
CUST11056,69436.0,67200.0,97,self_employed,personal,impulsive,MEDIUM,Jaipur_North,1
CUST11057,174271.77,196500.0,136,business_owner,home,conservative,MEDIUM,Delhi_NCR,0
CUST11058,27285.51,20800.0,52,retired,education,moderate,CRITICAL,Ahmedabad_West,1
CUST11059,54379.94,174000.0,170,salaried,business,aggressive,MEDIUM,Pune_Main,0
CUST11060,54741.22,125800.0,152,salaried,business,conservative,MEDIUM,Delhi_NCR,0
CUST11061,48969.18,96200.0,84,salaried,home,moderate,MEDIUM,Lucknow_UP,0
CUST11062,56822.55,200800.0,93,business_owner,education,aggressive,HIGH,Kolkata_East,1
CUST11063,42731.62,72400.0,119,salaried,auto,moderate,HIGH,Chennai_South,0
CUST11064,79938.33,213300.0,6,salaried,auto,aggressive,MEDIUM,Mumbai_Central,0
CUST11065,63975.99,207800.0,119,self_employed,personal,aggressive,MEDIUM,Hyderabad_IT,0
CUST11066,87145.11,296700.0,14,salaried,business,conservative,LOW,Delhi_NCR,0
CUST11067,47953.53,113100.0,146,salaried,education,conservative,MEDIUM,Hyderabad_IT,0
CUST11068,159190.69,618900.0,67,business_owner,credit_card,aggressive,MEDIUM,Bangalore_Tech,1
CUST11069,172993.14,454500.0,100,business_owner,home,moderate,MEDIUM,Ahmedabad_West,0
CUST11070,140867.65,154600.0,161,business_owner,education,aggressive,HIGH,Hyderabad_IT,0
CUST11071,8000.0,13300.0,137,student,credit_card,moderate,LOW,Hyderabad_IT,0
CUST11072,11392.72,8300.0,154,student,credit_card,moderate,LOW,Chennai_South,0
CUST11073,63214.95,219700.0,159,salaried,education,aggressive,LOW,Hyderabad_IT,0
CUST11074,55915.43,102300.0,49,salaried,auto,moderate,CRITICAL,Kolkata_East,1
CUST11075,12550.69,48200.0,171,freelancer,auto,impulsive,MEDIUM,Chennai_South,0
CUST11076,88749.79,174600.0,125,self_employed,credit_card,aggressive,LOW,Mumbai_Central,1
CUST11077,58596.61,175500.0,30,salaried,business,conservative,LOW,Delhi_NCR,0
CUST11078,68471.58,51400.0,94,salaried,personal,aggressive,LOW,Lucknow_UP,1
CUST11079,73123.7,212900.0,144,salaried,personal,moderate,HIGH,Pune_Main,0
CUST11080,133867.91,273800.0,165,business_owner,personal,impulsive,HIGH,Ahmedabad_West,1
CUST11081,31297.68,90800.0,16,freelancer,auto,aggressive,MEDIUM,Chennai_South,0
CUST11082,67963.73,104100.0,14,salaried,education,conservative,LOW,Ahmedabad_West,0
CUST11083,8000.0,23000.0,49,freelancer,credit_card,moderate,HIGH,Hyderabad_IT,1
CUST11084,65163.18,104800.0,124,self_employed,education,conservative,MEDIUM,Bangalore_Tech,1
CUST11085,22508.02,21900.0,157,retired,personal,moderate,CRITICAL,Bangalore_Tech,1
CUST11086,38732.31,22400.0,97,salaried,business,aggressive,MEDIUM,Lucknow_UP,1
CUST11087,111165.91,324400.0,62,business_owner,business,aggressive,LOW,Ahmedabad_West,0
CUST11088,62810.34,188100.0,50,salaried,credit_card,aggressive,LOW,Jaipur_North,0
CUST11089,43011.68,61200.0,78,self_employed,business,moderate,LOW,Kolkata_East,0
CUST11090,73246.9,42400.0,161,salaried,credit_card,moderate,HIGH,Ahmedabad_West,1
CUST11091,8000.0,6700.0,39,student,personal,moderate,MEDIUM,Lucknow_UP,1
CUST11092,70726.0,180400.0,9,salaried,education,aggressive,HIGH,Hyderabad_IT,0
CUST11093,29351.46,97100.0,145,retired,credit_card,aggressive,LOW,Mumbai_Central,0
CUST11094,112037.31,82300.0,95,self_employed,personal,moderate,HIGH,Chennai_South,0
CUST11095,47903.28,185800.0,45,self_employed,credit_card,aggressive,HIGH,Lucknow_UP,1
CUST11096,44740.0,171500.0,4,self_employed,business,moderate,LOW,Delhi_NCR,0
CUST11097,11855.72,17000.0,139,student,education,moderate,MEDIUM,Lucknow_UP,0
CUST11098,45000.81,25400.0,36,salaried,personal,aggressive,LOW,Jaipur_North,0
CUST11099,62078.59,176800.0,6,self_employed,credit_card,aggressive,LOW,Chennai_South,0
CUST11100,36365.35,18400.0,32,salaried,home,moderate,HIGH,Ahmedabad_West,0
CUST11101,27479.9,53000.0,76,self_employed,education,aggressive,LOW,Jaipur_North,0
CUST11102,63757.65,244000.0,131,self_employed,education,impulsive,LOW,Jaipur_North,0
CUST11103,13157.75,35900.0,91,student,education,aggressive,HIGH,Lucknow_UP,0
CUST11104,71772.75,91500.0,109,salaried,auto,conservative,LOW,Delhi_NCR,0
CUST11105,99966.07,262200.0,79,self_employed,credit_card,moderate,HIGH,Bangalore_Tech,0
CUST11106,19743.16,40300.0,141,salaried,education,conservative,LOW,Delhi_NCR,0
CUST11107,23364.34,52500.0,118,student,home,conservative,LOW,Lucknow_UP,0
CUST11108,14283.71,8900.0,12,retired,auto,moderate,MEDIUM,Hyderabad_IT,0
CUST11109,32782.81,91400.0,177,salaried,education,conservative,LOW,Kolkata_East,0
CUST11110,52407.31,52600.0,89,salaried,education,aggressive,MEDIUM,Mumbai_Central,0
CUST11111,48463.53,123500.0,103,salaried,home,moderate,LOW,Mumbai_Central,0
CUST11112,38793.24,21000.0,69,self_employed,education,moderate,MEDIUM,Ahmedabad_West,0
CUST11113,90913.0,227900.0,110,self_employed,credit_card,impulsive,MEDIUM,Hyderabad_IT,0
CUST11114,67752.8,102500.0,108,salaried,auto,aggressive,MEDIUM,Ahmedabad_West,0
CUST11115,64318.82,39300.0,90,salaried,credit_card,conservative,MEDIUM,Pune_Main,0
CUST11116,69864.37,212100.0,154,salaried,home,moderate,LOW,Ahmedabad_West,0
CUST11117,27583.75,63100.0,132,retired,personal,impulsive,HIGH,Ahmedabad_West,0
CUST11118,50047.32,74400.0,54,self_employed,education,conservative,LOW,Delhi_NCR,0
CUST11119,57520.95,216300.0,80,self_employed,education,aggressive,HIGH,Hyderabad_IT,1
CUST11120,24238.3,29900.0,23,retired,business,moderate,LOW,Jaipur_North,0
CUST11121,38115.18,97800.0,139,salaried,personal,conservative,LOW,Chennai_South,0
CUST11122,25567.46,60700.0,7,retired,personal,aggressive,LOW,Ahmedabad_West,0
CUST11123,44771.32,77400.0,55,freelancer,credit_card,aggressive,LOW,Delhi_NCR,0
CUST11124,67936.62,115200.0,22,self_employed,home,impulsive,HIGH,Bangalore_Tech,1
CUST11125,68317.55,64400.0,8,self_employed,education,moderate,HIGH,Kolkata_East,0
CUST11126,19394.82,37900.0,126,student,credit_card,aggressive,LOW,Kolkata_East,1
CUST11127,82015.21,283800.0,46,self_employed,education,moderate,MEDIUM,Chennai_South,0
CUST11128,36653.24,48700.0,106,freelancer,business,moderate,LOW,Hyderabad_IT,0
CUST11129,26186.02,72700.0,55,salaried,auto,moderate,LOW,Ahmedabad_West,0
CUST11130,58818.51,38000.0,160,freelancer,credit_card,moderate,MEDIUM,Mumbai_Central,0
CUST11131,70449.24,108900.0,130,self_employed,education,moderate,LOW,Pune_Main,0
CUST11132,58714.52,163500.0,147,salaried,personal,conservative,LOW,Ahmedabad_West,0
CUST11133,70151.15,65600.0,96,self_employed,auto,conservative,MEDIUM,Lucknow_UP,0
CUST11134,34640.75,105100.0,30,retired,credit_card,aggressive,LOW,Kolkata_East,0
CUST11135,140322.04,422000.0,61,business_owner,auto,conservative,HIGH,Lucknow_UP,0
CUST11136,33275.36,125300.0,46,retired,home,impulsive,HIGH,Ahmedabad_West,1
CUST11137,36475.6,107400.0,164,freelancer,auto,moderate,LOW,Ahmedabad_West,0
CUST11138,89629.63,68400.0,134,self_employed,education,impulsive,CRITICAL,Pune_Main,1
CUST11139,48892.76,131700.0,43,business_owner,business,moderate,MEDIUM,Lucknow_UP,0
CUST11140,63786.37,249500.0,174,self_employed,personal,moderate,HIGH,Chennai_South,0
CUST11141,129237.68,291800.0,144,business_owner,business,aggressive,LOW,Jaipur_North,0
CUST11142,54159.78,70200.0,42,salaried,credit_card,conservative,MEDIUM,Ahmedabad_West,0
CUST11143,76325.21,121900.0,176,self_employed,business,moderate,LOW,Kolkata_East,0
CUST11144,60292.5,226600.0,95,salaried,home,conservative,LOW,Kolkata_East,0
CUST11145,54122.43,192800.0,89,freelancer,business,conservative,LOW,Jaipur_North,1
CUST11146,125816.92,145200.0,70,business_owner,credit_card,moderate,MEDIUM,Mumbai_Central,0
CUST11147,104932.35,149900.0,79,self_employed,education,conservative,MEDIUM,Jaipur_North,0
CUST11148,152028.08,82100.0,174,business_owner,home,aggressive,LOW,Chennai_South,0
CUST11149,202393.8,279800.0,18,business_owner,education,conservative,LOW,Chennai_South,0
CUST11150,81540.06,165200.0,22,salaried,personal,moderate,LOW,Chennai_South,0
CUST11151,127980.29,192400.0,131,business_owner,credit_card,moderate,LOW,Hyderabad_IT,0
CUST11152,36129.7,128300.0,44,salaried,auto,moderate,LOW,Jaipur_North,0
CUST11153,91978.46,306100.0,28,self_employed,home,moderate,LOW,Hyderabad_IT,0
CUST11154,120717.21,225900.0,142,business_owner,home,moderate,HIGH,Mumbai_Central,0
CUST11155,48746.84,78300.0,56,salaried,home,impulsive,HIGH,Chennai_South,1
CUST11156,120923.23,407100.0,170,business_owner,personal,moderate,LOW,Chennai_South,0
CUST11157,34999.23,45500.0,55,retired,education,conservative,HIGH,Ahmedabad_West,0
CUST11158,70856.8,43000.0,167,self_employed,auto,conservative,MEDIUM,Hyderabad_IT,0
CUST11159,52765.18,180800.0,99,business_owner,personal,aggressive,MEDIUM,Kolkata_East,0
CUST11160,58160.56,118900.0,120,freelancer,credit_card,aggressive,MEDIUM,Delhi_NCR,0
CUST11161,151307.87,304900.0,113,business_owner,credit_card,conservative,MEDIUM,Jaipur_North,0
CUST11162,108877.89,253600.0,4,self_employed,personal,conservative,LOW,Mumbai_Central,0
CUST11163,72815.64,162100.0,177,self_employed,auto,conservative,MEDIUM,Mumbai_Central,0
CUST11164,38538.31,106100.0,115,business_owner,credit_card,moderate,LOW,Mumbai_Central,0
CUST11165,40406.46,121900.0,57,retired,education,moderate,MEDIUM,Mumbai_Central,1
CUST11166,57122.98,82300.0,156,salaried,home,aggressive,MEDIUM,Pune_Main,0
CUST11167,23367.63,55400.0,23,student,business,moderate,LOW,Delhi_NCR,0
CUST11168,51670.51,176700.0,164,self_employed,home,aggressive,LOW,Bangalore_Tech,0
CUST11169,70342.4,76800.0,51,self_employed,education,conservative,MEDIUM,Chennai_South,0
CUST11170,75090.29,168000.0,111,business_owner,credit_card,conservative,LOW,Bangalore_Tech,0
CUST11171,45022.98,157300.0,5,salaried,credit_card,conservative,LOW,Lucknow_UP,0
CUST11172,104182.14,297100.0,15,business_owner,credit_card,moderate,CRITICAL,Jaipur_North,1
CUST11173,12936.6,43300.0,30,student,personal,impulsive,CRITICAL,Hyderabad_IT,0
CUST11174,65787.53,250600.0,114,salaried,business,moderate,MEDIUM,Delhi_NCR,0
CUST11175,115494.29,123200.0,71,self_employed,home,aggressive,CRITICAL,Jaipur_North,1
CUST11176,11717.68,24400.0,101,freelancer,education,conservative,MEDIUM,Mumbai_Central,1
CUST11177,68248.48,230700.0,13,salaried,business,moderate,MEDIUM,Jaipur_North,1
CUST11178,58520.15,75000.0,22,salaried,auto,conservative,LOW,Chennai_South,0
CUST11179,60851.69,33600.0,158,self_employed,credit_card,aggressive,MEDIUM,Pune_Main,0
CUST11180,54954.12,130300.0,25,self_employed,education,aggressive,MEDIUM,Delhi_NCR,0
CUST11181,28816.02,50400.0,17,freelancer,auto,impulsive,MEDIUM,Delhi_NCR,0
CUST11182,63153.01,205400.0,16,salaried,home,moderate,CRITICAL,Lucknow_UP,0
CUST11183,93669.59,295500.0,134,business_owner,education,conservative,MEDIUM,Ahmedabad_West,0
CUST11184,74631.68,250400.0,6,salaried,education,impulsive,HIGH,Ahmedabad_West,1
CUST11185,71345.77,91000.0,163,self_employed,credit_card,moderate,MEDIUM,Hyderabad_IT,0
CUST11186,31934.42,121400.0,29,retired,auto,conservative,LOW,Ahmedabad_West,0
CUST11187,59521.11,67200.0,24,salaried,personal,aggressive,MEDIUM,Kolkata_East,0
CUST11188,49445.86,147300.0,65,self_employed,personal,moderate,MEDIUM,Ahmedabad_West,0
CUST11189,68495.79,208100.0,84,business_owner,auto,conservative,MEDIUM,Hyderabad_IT,0
CUST11190,11201.63,18800.0,114,student,personal,aggressive,MEDIUM,Jaipur_North,0
CUST11191,86591.16,262100.0,173,self_employed,education,conservative,MEDIUM,Ahmedabad_West,1
CUST11192,81606.28,57500.0,146,self_employed,auto,impulsive,CRITICAL,Lucknow_UP,1
CUST11193,64137.03,216600.0,110,salaried,business,conservative,LOW,Ahmedabad_West,0
CUST11194,42332.39,102200.0,62,freelancer,auto,aggressive,LOW,Pune_Main,0
CUST11195,67313.77,223500.0,178,self_employed,home,aggressive,MEDIUM,Ahmedabad_West,0
CUST11196,29121.09,85400.0,102,retired,personal,moderate,HIGH,Delhi_NCR,1
CUST11197,52238.7,131800.0,9,salaried,auto,moderate,MEDIUM,Lucknow_UP,0
CUST11198,57018.83,172100.0,128,salaried,auto,conservative,LOW,Hyderabad_IT,0
CUST11199,51944.53,114800.0,158,self_employed,personal,conservative,LOW,Lucknow_UP,0
